collection_id,title,alternative1,alternative2,creator,contributor,contributor,contributor,contributor,contributor,contributor,contributor,contributor,subject,subject,subject,subject,subject,publicsher,date,format,identifier,language,right,description,degree,owner,update_at,created_at
2,Pseudonocardia pini สปีชีล์ใหม่ที่แยกได้จากเนื้อเยื่อรากที่ฟอกฆ่าเชื้อของต้นสนในประเทศออสเตรเลีย,"Pseudonocardia pini sp. nov., an endophytic actinobacterium isolated from the surface-sterilized stem of a native pine tree",,อรอุมา แก้วกล้า,,,,,,,,,เซลล์และเนื้อเยื่อพืช --วิจัย, แบคทีเรีย--การจำแนก--วิจัย,แบคทีเรีย --การจำแนก --วิจัย,สน --วิจัย,เอนโดไฟต์ --วิจัย,มหาวิทยาลัยมหาสารคาม,2564,pdf,https://khoon.msu.ac.th/_dir/fulltext/2026/06/Ornuma_Kaewkla63.pdf,tha,มหาวิทยาลัยมหาสารคาม,,,,จากระบบ,จากระบบ
2,โครงการฐานข้อมูลความหลากหลายทางชีวภาพในชุมชนรุ่นที่ 2,,,อารยะ เสนาคุณ,สันติภาพ เปลี่ยนโชติ,ชฎาพร เสนาคุณ,อิสราภรณ์ สมบุญวัฒนกุล,นิเวส ศรีธัญรัตน์,จีรกาญจน์ เต็มพรสิน,,,,ความหลากหลายทางชีวภาพ --การฝึกอบรม --วิจัย,ความหลากหลายทางชีวภาพ --ฐานข้อมูล --วิจัย,ชีววิทยา --วิจัย,,,สำนักวิทยบริการ มหาวิทยาลัยมหาสารคาม,2553,pdf,http://khoon.msu.ac.th/_dir/fulltext/fulltextman/full4/araya11118/titlepage.pdf,tha,มหาวิทยาลัยมหาสารคาม,ได้รับการสนับสนุนโครงการบริการวิชาการแก่สังคมจากงบประมาณรายได้ประจำปี 2553 มหาวิทยาลัยมหาสารคาม,,,,
2,องค์ประกอบทางเคมีและคุณสมบัติต้านเชื้อราของสารสกัดใบฝรั่ง (Psidium guajava L.) ต่อต้านเชื้อรา Pythium aphanidermatum เชื้อสาเหตุโรคเน่าคอดินของคะน้า,"Chemical composition and antifungal properties of Guava leaf extract (Psidium guajava L.) against Pythium aphanidermatum, Chinese kale damping-off disease pathogen",,วราภรณ์ สุทธิสา,ณัฎยา ศรีสวัสดิ์,ธวัลรัตน์ ศรีพิมพ์,สุธิรา มณีฉาย,,,,,,เชื้อรา --เทคโนโลยีชีวภาพ --วิจัย,สารต้านเชื้อรา --วิจัย,สารสกัดจากพืช --วิจัย,ฝรั่ง --ใบ --วิจัย,ผักคะน้า --โรคและศัตรูพืช --วิจัย,มหาวิทยาลัยมหาสารคาม,2567,pdf,https://khoon.msu.ac.th/_dir/fulltext/2026/02/waraporn_sutthisa2567.pdf,tha,มหาวิทยาลัยมหาสารคาม,ได้รับการสนับสนุนการวิจัย งบประมาณเงินรายได้ ประจำปีงบประมาณ 2567 มหาวิทยาลัยมหาสารคาม,,,,
2,ปัจจัยคัดสรรที่มีความสัมพันธ์กับพลังสุขภาพจิตของนักศึกษาพยาบาลวิทยาลัยพยาบาลศรีมหาสารคาม,,,ประยูร วงศ์จันทรา,จารุณี อินทฤทธิ์,เนาวรัตน์ สิงห์สนั่น,ควันเทียน วงศ์จันทรา,,,,,,นักศึกษาพยาบาล --สุขภาพจิต --วิจัย,สุขภาพจิต --วิจัย,อารมณ์ --วิจัย,วิทยาลัยพยาบาลศรีมหาสารคาม --นักศึกษา --วิจัย,,มหาวิทยาลัยมหาสารคาม,2564,pdf,https://khoon.msu.ac.th/_dir/fulltext/2025/09/Prayoon_Wongchantra.pdf,tha,มหาวิทยาลัยมหาสารคาม,ได้รับการสนับสนุนการวิจัย งบประมาณเงินรายได้ ประจำปีงบประมาณ 2564 มหาวิทยาลัยมหาสารคาม,,,,
2,การประเมินความคุ้มค่าทางเศรษฐศาสตร์ของงานบริการเภสัชกรรม,Economic evaluation of pharmacy services: a systematic review of the literature (2016-2020),,กฤษณี สระมุณี,พรชนก ศรีมงคล,ภาณุมาศ ภูมาศ,วิระพล ภิมาลย์,สุรัชดา ชนโสภณ,อารีรัตน์ ลีละธนาฤกษ์,"Babar, Zaheer",,,การบริบาลทางเภสัชกรรม --วิจัย,,การวิเคราะห์การลงทุน --วิจัย,บริการทางการแพทย์ --วิจัย,,มหาวิทยาลัยมหาสารคาม,2565,pdf,https://khoon.msu.ac.th/_dir/fulltext/2026/03/Kritsanee_Saramunee65.pdf,tha,มหาวิทยาลัยมหาสารคาม,ได้รับการสนับสนุนการวิจัย งบประมาณรายได้ ประจำปีงบประมาณ 2565 มหาวิทยาลัยมหาสารคาม,,,,
2,การพัฒนาโปรแกรมอบรมระยะสั้นสำหรับนิสิตต่างชาติ,Short training program development for international students,,เฉลิมชน ภูสมศรี,ชลธี โพธิ์ทอง,ปัญจภา สมันจิตร,พรรณวรท เดชชัย,,,,,,การฝึกอบรม --วิจัย,นักศึกษาต่างชาติ--การฝึกอบรม--วิจัย,มหาวิทยาลัยมหาสารคาม --นักศึกษา --การฝึกอบรม --วิจัย,,,มหาวิทยาลัยมหาสารคาม,2560,pdf,https://khoon.msu.ac.th/_dir/fulltext/2025/08/panjapha_samanjit60.pdf,tha,มหาวิทยาลัยมหาสารคาม,ได้รับการสนับสนุนการวิจัยงบประมาณรายได้ประจำปีงบประมาณ 2560 มหาวิทยาลัยมหาสารคาม,,,,
2,การประเมินคาร์บอนฟุตพริ้นท์ของมหาวิทยาลัยมหาสารคาม,An Assessment of carbon footprint of Mahasarakham University,,จิตติมา ประสาระเอ,คนธรส ขาวเมืองน้อย,สุนันทา เลาวัณย์ศิริ,อารีรัตน์ รักษาศิลป์,เอริกา พฤฒิกิตติ,,,,,ก๊าซเรือนกระจก --วิจัย,คาร์บอนฟุตพริ้นท์ --วิจัย,วัฏจักรคาร์บอน --วิจัย,มหาวิทยาลัยมหาสารคาม --คณะสิ่งแวดล้อมและทรัพยากรศาสตร์ --วิจัย,,มหาวิทยาลัยมหาสารคาม,2549,pdf,https://khoon.msu.ac.th/_dir/fulltext/2025/07/jittima_prasarae59.pdf,tha,มหาวิทยาลัยมหาสารคาม,ได้รับการสนับสนุนการวิจัย งบประมาณแผ่นดิน ประจำปีงบประมาณ 2559 มหาวิทยาลัยมหาสารคาม,,,,
2,คุณธรรม จริยธรรมในการปฏิบัติหน้าที่ของบุคลากรสายสนับสนุนกรณีศึกษา คณะวิทยาศาสตร์และวิศวกรรมศาสตร์ มหาวิทยาลัยมหาสารคาม,,,ถวิล ชนะบุญ,เกียรติคุณ เรืองสุวรรณ,จันทรา เนื่องมหา,พรรณี เจริญศิริ,สุกัญญา ครุฑไชยันต์,อมรรัตน์ หลายโคตร,อรุณี กลิ่นผกา,ฉันทลักษณ์ สาชำนาญ,,ความดี --วิจัย,จริยธรรม --วิจัย,มหาวิทยาลัยมหาสารคาม --บุคลากร --วิจัย,,,มหาวิทยาลัยมหาสารคาม,2552,pdf,https://khoon.msu.ac.th/_dir/fulltext/2025/09/Thawin_Chanaboon52.pdf,tha,มหาวิทยาลัยมหาสารคาม,การศึกษานี้เป็นส่วนหนึ่งของโครงการอบรมหลักสูตรการพัฒนาสมรรถนะหลักสูตรของผู้บริหารสายสนับสนุนในมหาวิทยาลัยของรัฐกรณีหัวหน้างาน มหาวิทยาลัยมหาสารคาม ประจำปี 2552 รุ่นที่ 1,,,,
2,พันธุศาสตร์เซลล์ระดับโมเลกุลของตุ๊กแกป่าจารุจินต์ (Cyrtodactylus jarujini) และตุ๊กแกป่าดอยสุเทพ (C. doisuthep) ในประเทศไทย ,"Molecular cytogenetics of cyrtodactylus jarujini and cyrtodactylus doisuthep (squamata, gekkonidae) in Thailand",,วีระ ทองเนตร,อลงกลด แทนออมทอง,อิสสระ ปะทะวัง,กฤษณ์ ปิ่นทอง,ถวิล ชนะบุญ,,,,,คาริโอไทป์ --วิจัย,เซลล์พันธุศาสตร์ --วิจัย,ตุ๊กแก --พันธุศาสตร์ --วิจัย,ไมโครแซทเทลไลท์ (พันธุศาสตร์) --วิจัย,,มหาวิทยาลัยมหาสารคาม,2563,pdf,https://khoon.msu.ac.th/_dir/fulltext/2026/07/Weera_Thongnetr63.pdf,tha,มหาวิทยาลัยมหาสารคาม,ได้รับการสนับสนุนการวิจัย ประจำปีงบประมาณ 2563 มหาวิทยาลัยมหาสารคาม,,,,
2,อาหารกึ่งสำเร็จรูปสำหรับผู้สูงอายุ,,,วสันต์ ด้วงคำจันทร์,วีณา อิศรางกูร ณ อยุธยา,สุดาทิพย์ อินทร์ชื่น,กษม ชนะวงศ์,ธิดารัตน์ เลิศวิทยากุล,พรพิมล ชูพานิช,ลัดดา พลพุทธา,,,ผู้สูงอายุ --แง่โภชนาการ --วิจัย,ผู้สูงอายุ --สุขภาพและอนามัย --วิจัย,อาหารกึ่งสำเร็จรูป --วิจัย,,,มหาวิทยาลัยมหาสารคาม,2563,pdf,https://khoon.msu.ac.th/_dir/fulltext/2026/04/wasan_Duangkhamchan63.pdf,tha,มหาวิทยาลัยมหาสารคาม,ได้รับการสนับสนุนการวิจัยจากสำนักงานคณะกรรมการการอุดมศึกษา ประจำปีงบประมาณ 2562,,,,
2,สารพฤกษเคมีและฤทธิ์ทางชีวภาพของมันเทศ (Ipomoea batatas L. Lam) ที่ปลูกในประเทศไทย,Phytochemical substances and biological activities of sweet potato (Ipomoea batatas L. Lam) cultivated in Thailand,,อภิรดา มารแพ้,ประสงค์ สีหานาม,เยาวลักษณ์ ศรีสุวรรณ์,อภิเดช แสงดี,,,,,,พืช --การวิเคราะห์ --วิจัย,มันเทศ --วิจัย,สารพฤกษเคมี --วิจัย,สารออกฤทธิ์ทางชีวภาพ --วิจัย,สารออกฤทธิ์ทางชีวภาพจากพืช --วิจัย,มหาวิทยาลัยมหาสารคาม,2565,pdf,https://khoon.msu.ac.th/_dir/fulltext/2025/07/Apirada_Marpae65.pdf,tha,มหาวิทยาลัยมหาสารคาม,ได้รับการสนับสนุนจากเงินทุนอุดหนุนการวิจัยประเภทส่งเสริมอาจารย์และนักวิจัย ประจำปีงบประมาณ 2564 มหาวิทยาลัยมหาสารคาม,,,,
2,ฤทธิ์การต้านอนุมูลอิสระและฤทธิ์ต้านมะเร็งของสารสกัดจากผักเป็ดน้ำ,รายงานวิจัยฉบับสมบูรณ์ ฤทธิ์การต้านอนุมูลอิสระและฤทธิ์ต้านมะเร็งของสารสกัดจากผักเป็ดน้ำ,,,วิจิตรา หลวงอินทร์,ทิพย์ภิยะ การีรัตน์,ธีรพร กทิศาสตร์,เบญจพร บุราณรัตน์,วรโชติ แสงหา,,,,มะเร็ง --วิจัย,สารสกัดจากพืช --วิจัย,อนุมูลอิสระ --วิจัย,แอนติออกซิแดนท์ --วิจัย,,มหาวิทยาลัยมหาสารคาม,2564,pdf,https://khoon.msu.ac.th/_dir/fulltext/2025/11/Wijithra_Luang-in64.pdf,tha,มหาวิทยาลัยมหาสารคาม,ได้รับการสนับสนุนการวิจัย งบประมาณเงินรายได้ ประจำปีงบประมาณ 2564 มหาวิทยาลัยมหาสารคาม,,,,
2,พฤติกรรมภาวะผู้นำที่พึงประสงค์ของผู้บริหารมหาวิทยาลัยมหาสารคาม,,,ผ่องอำไพ จงเรียน,สมทรง ดีรัศมี,ประไพ อุนารัตน์,ฉวีวรรณ คืนสันเที่ยะ,กฤตยาวดี เกตุวงศา,พัชรนันญ ศรีแก่นจันทร์,อุทัย หามนตรี,,,ภาวะผู้นำ --วิจัย,ผู้นำ --วิจัย,ผู้บริหารสถาบันอุดมศึกษา --พฤติกรรม --วิจัย,,,มหาวิทยาลัยมหาสารคาม,2551,pdf,http://khoon.msu.ac.th/_dir/fulltext/fulltextman/full4/pongampai11116/titlepage.pdf,tha,มหาวิทยาลัยมหาสารคาม,ประกอบการอบรมตามหลักสูตรการพัฒนาสมรรถนหลักของผู้บริหารระดับกลางสายสนับสนุน มหาวิทยาลัยมหาสารคาม 2551,,,,
2,โรคติดเชื้อพยาธิสตรองจิลอยด์ในแรงงานต่างด้าว,"Strongyloidiasis in migrant workers : epidemiology, risk factors and molecular identification",,ต้องจิตร ถันชมนาง,วรารัตน์ สังวะลี,แสงจ่อย อินทจักร,จุน หน่อแก้ว,,,,,,โรคเกิดจากปรสิต --วิจัย,โรคพยาธิสตรองจิลอยด์ --วิจัย,โรคหนอนพยาธิ --วิจัย,แรงงานต่างด้าวกัมพูชา --วิจัย,แรงงานต่างด้าวพม่า --วิจัย,มหาวิทยาลัยมหาสารคาม,2564,pdf,https://khoon.msu.ac.th/_dir/fulltext/2025/07/Tongchit_Tanshomnang64.pdf,tha,มหาวิทยาลัยมหาสารคาม,ได้รับการสนับสนุนการวิจัย งบประมาณรายได้ ประจำปีงบประมาณ 2564 มหาวิทยาลัยมหาสารคาม,,,,
2,การศึกษาสัตว์ป่าและสัตว์ต่างถิ่นที่เป็นแหล่งรังโรคของเชื้อแบคทีเรียดื้อยาเซฟาโลสปอริน รุ่นที่ 3 ในกรงเลี้ยง ณ สถานีศึกษาสัตว์ (MSU Mini Zoo) มหาวิทยาลัยมหาสารคาม,,,อดิเทพ คอลพุทธา,ณฐพล ภูมิพันธุ์,ธฤต ปุริโสตะโย,มณทิรา ยศพล,,,,,,การดื้อยา --วิจัย,แบคทีเรีย --วิจัย,ปฏิชีวนะ --วิจัย,สัตว์พาหะนำโรค --วิจัย,,มหาวิทยาลัยมหาสารคาม,2565,pdf,https://khoon.msu.ac.th/_dir/fulltext/2025/09/Adithep_Konputtar65.pdf,tha,มหาวิทยาลัยมหาสารคาม,ได้รับการสนับสนุนการวิจัย งบประมาณเงินรายได้ ประจำปีงบประมาณ 2565 มหาวิทยาลัยมหาสารคาม,,,,
2,การทบทวนงานวิจัยแบบร่มเกี่ยวกับประสิทธิภาพและความปลอดภัยของสมุนไพรต่อความจำและภาวะสมองเสื่อม ,An umbrella review on efficacy and safety of herbal medicine on cognitive function and dementia,รายงานฉบับสมบูรณ์โครงการวิจัย เรื่อง การทบทวนงานวิจัยแบบร่มเกี่ยวกับประสิทธิภาพและความปลอดภัยของสมุนไพรต่อความจำและภาวะสมองเสื่อม,,ราตรี สว่างจิตร,สรารัตน์ สโดยุ,จริยา จิรานุกูล,ช่อทิพย์ ชื่นชม,ชาญเกียรติ เพียรชนะ,ณธร ชัยญาคุณาพฤกษ์,พีรวัฒน์ จินาทองไทย,รจเรศ นิธิไพจิตร,ภาวะสมองเสื่อม --การรักษาด้วยยา --วิจัย,ยาสมุนไพร --การใช้รักษา --วิจัย,สารสกัดจากพืช --วิจัย,,,มหาวิทยาลัยมหาสารคาม,2564,pdf,https://khoon.msu.ac.th/_dir/fulltext/2025/10/Ratree_Sawangjit64.pdf,tha,มหาวิทยาลัยมหาสารคาม,ได้รับการสนับสนุนการวิจัยงบประมาณเงินรายได้ ประจำปีงบประมาณ พศ2564 มหาวิทยาลัยมหาสารคาม,,,,
2,การพัฒนาวิธีการจัดกิจกรรมการเรียนแบบมีส่วนร่วม ,The teaching method development of participatory learning.,,บุษบา ธระเสนา,มลฤดี เชาวรัตน์,กรรณิการ์ ชูเกียรติวัฒนา,นิตยา คอนสาร,,,,,,การสอนแบบผู้เรียนเป็นศูนย์กลาง --วิจัย,การสอนแบบร่วมมือกัน --วิจัย,,,,มหาวิทยาลัยมหาสารคาม,2551,pdf,https://khoon.msu.ac.th/_dir/fulltext/2025/09/Busaba_Tharasena51.pdf,tha,มหาวิทยาลัยมหาสารคาม,ได้รับการสนับสนุนการวิจัยงบประมาณเงินรายได้สำนักศึกษาทั่วไป ประจำปี 2551 มหาวิทยาลัยมหาสารคาม,,,,
2,การประเมินภาวะทางโภชนาการของผู้สูงอายุและศักยภาพของพืชท้องถิ่นสำหรับแปรรูปผลิตภัณฑ์สำหรับผู้สูงอายุ,Assessment of nutritional status of elderly and potential of local plants for processing the product for elderly,โครงการวิจัยและนวัตกรรมเพื่อถ่ายทอดเทคโนโลยีสู่สู่ชุมชนฐานรากประจำปึงบประมาณ พ.ศ. 2562 สำนักงานคณะกรรมการการอุดมศึกษา,กษม ชนะวงศ์,ธิดารัตน์ เลิศวิทยากุล,พรพิมล ชูพานิช,ลัดดา พลพุทธา,,,,,,ผลิตภัณฑ์พืช --วิจัย,ผู้สูงอายุ --แง่โภชนาการ --วิจัย,ผู้สูงอายุ --สุขภาพและอนามัย --วิจัย,,,มหาวิทยาลัยมหาสารคาม,2563,pdf,https://khoon.msu.ac.th/_dir/fulltext/2026/04/kasom_chanawong63.pdf,tha,มหาวิทยาลัยมหาสารคาม,ได้รับการสนับสนุนการวิจัยจากสำนักงานคณะกรรมการการอุดมศึกษา ประจำปีงบประมาณ 2562,,,,
2,การศึกษาไดโนเสาร์ในแหล่งโคกผาส้วม จังหวัดอุบลราชธานี เพื่อการพัฒนาองค์ความรู้ด้านบรรพชีวินวิทยา ในพื้นที่สถานีวิจัยและบริการวิชาการอีสานใต้,"Study of dinosaurs in the Khok Pa Suam locality, Ubon Ratchathani province; for the palaeontological knowledge development in the South Isan research and academic service station",,ศิตะ มานิตกุล,ธนิศ นนท์ศรีราช,ประภาสิริ วาระเพียง,อภิรัตน์ นิลพนาพรรณ,,,,,,ซากดึกดำบรรพ์ --วิจัย,ซากสัตว์มีกระดูกสันหลังดึกดำบรรพ์ --วิจัย,ไดโนเสาร์ --วิจัย,บรรพชีวินวิทยา --วิจัย,,มหาวิทยาลัยมหาสารคาม,2564,pdf,https://khoon.msu.ac.th/_dir/fulltext/2026/03/Sita_Manitkoon64.pdf,tha,มหาวิทยาลัยมหาสารคาม,ได้รับการสนับสนุนการวิจัย งบประมาณเงินรายได้ ประจำปีงบประมาณ 2564 มหาวิทยาลัยมหาสารคาม,,,,
2,ตัวแบบเชิงคณิตศาสตร์เพื่อป้องกันโรคระบาดในสุกร,The SLI-SC mathematical model of African swine fever transmission among swine farms: the effect of contaminated human vector,,อินทิรา ไชยะ,กมลฉัตร ตราชู,ดิน ประทุมวรรณ์,พีรณัฐ ชูชาติ,วสันต์ ไมอักรี,,,,,การจัดการฟาร์ม --วิจัย,สุกร --โรค --วิจัย,อหิวาต์สุกร --วิจัย,อหิวาต์แอฟริกาสุกร --วิจัย,,มหาวิทยาลัยมหาสารคาม,2564,pdf,https://khoon.msu.ac.th/_dir/fulltext/2026/02/Inthira_Chaiya64.pdf,tha,มหาวิทยาลัยมหาสารคาม,ได้รับการสนับสนุนการวิจัย งบประมาณรายได้ ประจำปีงบประมาณ 2564 มหาวิทยาลัยมหาสารคาม,,,,
2,การวิเคราะห์การจัดซื้อและการใช้หนังสือ สำนักวิทยบริการ มหาวิทยาลัยมหาสารคาม,The Analysis of book Acquisition and use in the Aacademic Resource Center at Mahasarakham University.,,ชลทิชา นารอง,น้ำลิน เทียมแก้ว,ผกานุช เหล่าพิเดช,รุ่งเรือง สิทธิจันทร์,,,,,,หนังสือ --การจัดซื้อ --วิจัย,ห้องสมุดและบริการของห้องสมุด --วิจัย,มหาวิทยาลัยมหาสารคาม --สำนักวิทยบริการ --วิจัย,,,มหาวิทยาลัยมหาสารคาม,2560,pdf,https://khoon.msu.ac.th/_dir/fulltext/2025/10/Chonthicha_Narong60.pdf,tha,มหาวิทยาลัยมหาสารคาม,,,,,
2,การเสริมสร้างความสามารถในการเคลื่อนไหวร่างกายของผู้สูงอายุในศตวรรษที่ 21,การพัฒนาโปรแกรมการออกกำลังกาย “มวยพฤฒพลัง” เพื่อเสริมสร้างความสามารถทางกายของผู้สูงอายุ,การศึกษาสภาพสังคมประชากร ความสามารถทางกาย และสุขภาพจิตของผู้สูงอายุในศตวรรษที่ 21 จังหวัดสงขลา,ภิญโญ โชติรัตน์,วิไลพิน แก้วเพ็ง,ดำรงศักดิ์ แก้วเพ็ง,ธนิยา เยาดำ,,,,,,การเคลื่อนไหวบำบัดสำหรับผู้สูงอายุ --วิจัย,การพยาบาลผู้สูงอายุ --วิจัย,ผู้สูงอายุ --สุขภาพและอนามัย --วิจัย,,,มหาวิทยาลัยมหาสารคาม,2566,pdf,https://khoon.msu.ac.th/_dir/fulltext/2026/01/Pinyo_Chotirat66.pdf,tha,มหาวิทยาลัยมหาสารคาม,ได้รับทุนอุดหนุนการวิจัยจากงบประมาณเงิน รายได้ประจำปีงบประมาณ พศ 2565 มหาวิทยาลัยทักษิณ,,,,
2,ประสิทธิ์ศักย์และความปลอดภัยของยาบาโคเฟนในการรักษาภาวะติดแอลกอฮอล์ : การวิเคราะห์อภิมานล่าสุดและการวิเคราะห์ถดถอย ,Efficacy and safety of baclofen for treatment of alcohol dependence: an updated meta-analysis and meta-regression study,,วิระพล ภิมาลย์,กฤษณี สระมุณี,บรรลือ สังข์ทอง,ไพจิตรา ชำนาญจิต,วริษฐา อนันต์วรปัญญา,,,,,การเลิกสุรา --วิจัย,บาโคลเฟน --วิจัย,ยา --การวิเคราะห์ --วิจัย,ยาคลายกล้ามเนื้อ --การวิเคราะห์การถดถอย --วิจัย,,มหาวิทยาลัยมหาสารคาม,2564,pdf,https://khoon.msu.ac.th/_dir/fulltext/2025/09/Wiraphon_Piman64.pdf,tha,มหาวิทยาลัยมหาสารคาม,ได้รับการสนับสนุนการวิจัย งบประมาณเงินรายได้ ประจำปีงบประมาณ 2564 มหาวิทยาลัยมหาสารคาม,,,,
2,ผลของการเพิ่มอุณหภูมิโดยรอบต่อการเปลี่ยนแปลงทางสรีรวิทยาความเครียดจากปฏิกิริยาออกซิเดชันไนตริกออกไซด์ความสามารถในการต้านอนุมูลอิสระทั้งหมดและการทำงานของไมโตคอนเดรียของปลานิล (Oreochromis niloticus),,,วรพล เองวานิช,วัชระ วิปัสสา,คณิต ชูคันหอม,ไพลิน จินากูล,รัตนตรัย ไชยสิงห์,,,,,ปฏิกิริยาเคมี --วิจัย,ปลานิล --การเลี้ยง --วิจัย,ปลานิล --วิจัย,ปลานิล --สรีรวิทยา --วิจัย,ไมโทคอนเดรีย --วิจัย,มหาวิทยาลัยมหาสารคาม,2567,pdf,https://khoon.msu.ac.th/_dir/fulltext/2026/02/Worapol_Engwanich67.pdf,tha,มหาวิทยาลัยมหาสารคาม,ได้รับการสนับสนุนการวิจัย งบประมาณรายได้ ประจำปีงบประมาณ 2567 มหาวิทยาลัยมหาสารคาม,,,,
2,รูปแบบการพัฒนาครูเพื่อพัฒนาน้องถิ่นโดยบูรณาการแนวคิดการเรียนรู้ที่เท่าทันต่อการเปลี่ยนแปลง (Visible learing) เครือข่ายภาคตะวันออกเฉียงเหนือตอนล่าง,A model of teacher development for local development that incorporates the idea of learning that adapts to changes (Visible learning) northeastern lower,,รังสรรค์ โฉมยา,อพันตรี พูลพุทธา,อัฐพล อินต๊ะเสนา,อารยา ปิยะกุล,,,,,,การพัฒนาบุคลากร --วิจัย,การพัฒนาการศึกษา --วิจัย,,,,มหาวิทยาลัยมหาสารคาม,2566,pdf,https://khoon.msu.ac.th/_dir/fulltext/2025/09/Rungson_Chomeya66.pdf,tha,มหาวิทยาลัยมหาสารคาม,,,,,
2,ศักยภาพการใช้ใบไชยาป่นเป็นแหล่งโปรตีนทดแทนกากถั่วเหลืองบางส่วนในสูตรอาหารสมดุลสำหรับปลาหมอไทย,The potential of chaya leaf meal as a protein source to partially substitute soybean meal in the balanced feed of climbing perch (Anabas testudineus),,ร่วมฤดี พานจันทร์,วันประเสริฐ ทุมพะลา,สุปราณี วิกรัยบูรณ์,ชนวรรณ โทวรรณา,นันทพร สุทธิ,ปิยะรัตน์ ศรีโนนทอง,,,,การเพาะเลี้ยงปลา --วิจัย,ไชยา (พืช) --วิจัย,ปลา --อาหาร --วิจัย,อาหารสัตว์ --วิจัย,อาหารสัตว์จากโปรตีนจากพืช --วิจัย,มหาวิทยาลัยมหาสารคาม,2566,pdf,https://khoon.msu.ac.th/_dir/fulltext/2026/01/Ruamruedee_Phanchan66.pdf,tha,มหาวิทยาลัยมหาสารคาม,ได้รับการสนับสนุนการวิจัย งบประมาณรายได้ ประจำปีงบประมาณ 2566 มหาวิทยาลัยมหาสารคาม,,,,
2,การศึกษาแนวทางการจัดการนวัตกรรมการผลิตและการแปรรูปพุทราเพื่อเพิ่มมูลค่าสินค้าของชุมชนบ้านโพน อำเภอคำม่วง จังหวัดกาฬสินธุ์,A study products innovation management on jujube processed for local value-added of Ban Phon community : Kham Muang District Kalasin Province,,สุกัญญา ดวงอุปมา,กรกนก ดลโสภณ,บุญครอง เรืองแสน,เพ็ญสิริ ภูวรกิจ,,,,,,การควบคุมการผลิต --วิจัย,การวางแผนการผลิต --วิจัย,พุทรา --การแปรรูป --วิจัย,,,มหาวิทยาลัยมหาสารคาม,2562,pdf,https://khoon.msu.ac.th/_dir/fulltext/2026/04/Sukanya_Duanguppama62.pdf,tha,มหาวิทยาลัยมหาสารคาม,ได้รับการสนับสนุนการวิจัยจากเครือข่ายบริหารการวิจัยและถ่ายทอดเทคโนโลยีสู่ชุมชน ภาคตะวันออกเฉียงเหนือตอนบนสำนักงานคณะกรรมการการอุดมศึกษา (สกอ) ประจำปีงบประมาณ 2561,,,,
2,การพัฒนาหลักสูตรท้องถิ่นดนตรีพื้นบ้านอีสานเรื่องการเป่าโหวด,The development of Isan folk music curriculum in whode playing,,ปิยพันธ์ แสนทวีสุข,วัชระ หอมหวล,ศราวุธ โชติจำรัส,สุทธิศักดิ์ แสนทวีสุข,สุพรรณี เหลือบุญชู,อนุชิต แสนทวีสุข,กานนท์ เวชกามา,,,ดนตรีพื้นบ้าน --หลักสูตร --วิจัย,ดนตรีพื้นบ้าน--ไทย (ภาคตะวันออกเฉียงเหนือ) --วิจัย ,โหวด --วิจัย,,,มหาวิทยาลัยมหาสารคาม,2547,pdf,http://khoon.msu.ac.th/_dir/fulltext/full105/piyapan12105/titlepage.pdf,tha,มหาวิทยาลัยมหาสารคาม,ได้รับทุนสนับสนุนการวิจัยงบประมาณแผ่นดิน มหาวิทยาลัยมหาสารคาม ปี 2547,,,,
2,การศึกษาเพื่อพัฒนาการเรียนการสอนปฏิบัติการเคมี,study for development of chemistry laboratory learning,รายงานการวิจัยการศึกษาเพื่อพัฒนาการเรียนการสอนปฏิบัติการเคมี,เยาวลักษณ์ ศรีสุวรรณ์,เวียงทอง นุ่นภักดี,นวลใจ โคตรแสง,ธีรพล พรมโสภา,อนันต์ จุตโต,รัตน์ดาวรรณ นาศรีเคน,,,,เคมี --การศึกษาและการสอน --วิจัย,ปฏิบัติการเคมี --การศึกษาและการสอน --วิจัย,,,,มหาวิทยาลัยมหาสารคาม,2548,pdf,http://khoon.msu.ac.th/_dir/fulltext/fulltextman/full4/yaowalak11307/titlepage.pdf,tha,มหาวิทยาลัยมหาสารคาม,ได้รับทุนสนับสนุนจากงบประมาณรายได้คณะวิทยาศาสตร์ มหาวิทยาลัยมหาสารคาม ประจำปีการศึกษา 2548,,,,
2,การพัฒนาระบบงานสารบรรณโดยใช้โปรแกรม Electronic Document System (EDS),,,พงษ์เทพ เจริญศักดิ์,ชลทิชา นารอง,ศศิ กุลประภา,ขรรชัย กลิ่นผกา,สิริพร ไชยรัตน์,พิมลพรรณ ภูขมัง,,,,งานสารบรรณ --วิจัย,งานสารบรรณ --ฐานข้อมูล --วิจัย,อีดีเอส (โปรแกรมคอมพิวเตอร์) --วิจัย,อิเล็กทรอนิกส์ดอคคิวเมนท์ซีสเทม (โปรแกรมคอมพิวเตอร์) --วิจัย,,มหาวิทยาลัยมหาสารคาม,2551,pdf,http://khoon.msu.ac.th/_dir/fulltext/full134/pongtep131351/titlepage.pdf,tha,มหาวิทยาลัยมหาสารคาม,การศึกษานี้เป็นส่วนหนึ่งของโครงการอบรมสมรรถนะหลักผู้บริหารระดับกลาง มหาวิทยาลัยมหาสารคาม รุ่นที่ 2 จัดโดยกองแผนงาน มหาวิทยาลัยมหาสารคาม,,,,
2,การทบทวนวรรณกรรมอย่างเป็นระบบและวิเคราะห์อภิมานประสิทธิศักย์ของยาวารินิคลินในการรักษาภาวะติดแอลกอฮอล์ ,Systematic review and meta-analysis on efficacy of varenicline to treatment of alcohol dependence,,วิระพล ภิมาลย์,พีรศรัณย์ ไพฑูรย์,โรจนวัฒน์ สาขันธ์โคตร,กฤษณี สระมุณี,บรรลือ สังข์ทอง,,,,,การดื่มเครื่องดื่มที่มีแอลกอฮอล์ --วิจัย,คนดื่มสุรา --การรักษาด้วยยา --วิจัย,ผู้ติดสุรา --การรักษา --วิจัย,,,มหาวิทยาลัยมหาสารคาม,2565,pdf,https://khoon.msu.ac.th/_dir/fulltext/2026/03/Wiraphol_Phimarn65.pdf,tha,มหาวิทยาลัยมหาสารคาม,ได้รับการสนับสนุนการวิจัย งบประมาณรายได้ ประจำปีงบประมาณ 2565 มหาวิทยาลัยมหาสารคาม,,,,
2,สารออกฤทธิ์ทางชีวภาพและฤทธิ์ทางชีวภาพในพืชสกุล Cornukaempferio ในประเทศไทย,Bioactive compounds and biological activities of Cornukaempferia in Thailand,,ธีระพันธ์ จำเริญพัฒน์,ปิยะพร แสนสุข,ศิริธร ศิริอมรพรรณ,สุรพล แสนสุข,,,,,,ขิง --วิจัย,สารออกฤทธิ์ทางชีวภาพ --วิจัย,สารออกฤทธิ์ทางชีวภาพจากพืช --วิจัย,,,มหาวิทยาลัยมหาสารคาม,2559,pdf,https://khoon.msu.ac.th/_dir/fulltext/2025/11/Theeraphan_Chumroenphat59.pdf,tha,มหาวิทยาลัยมหาสารคาม,ได้รับการสนับสนุนการวิจัยจากงบประมาณเงินรายได้ ประจำปีงบประมาณ 2559 มหาวิทยาลัยมหาสารคาม,,,,
2,ความหลากหลายของแมลงพาหะและความสัมพันธ์กับเชื้อก่อโรคลิวโคไซโตซูโนชิสในสัตว์ปีกในประเทศไทย,,,ไพโรจน์ ประมวล,คมกริช วงศ์ภาคำ,วิชัย ศรีสุขา,วีระชัย สายจันทา,อุบล ตังควานิช,,,,,แมลงพาหะนำโรค --วิจัย,ริ้น --การเกิดชนิดพันธุ์ใหม่ --วิจัย,ริ้น --พันธุศาสตร์ --วิจัย,,,มหาวิทยาลัยมหาสารคาม,2564,pdf,https://khoon.msu.ac.th/_dir/fulltext/2026/03/Pairot_Pramual64.pdf,tha,มหาวิทยาลัยมหาสารคาม,ได้รับการสนับสนุนจากกองทุนส่งเสริม ววน ปีงบประมาณ 2564,,,,
2,ปัจจัยที่ส่งผลต่อสมรรถนะในการปฏิบัติงานของบุคลากรสายสนับสนุนบัณฑิตวิทยาลัย มหาวิทยาลัยมหาสารคาม,,,กนกนวล นรินยา,,,,,,,,,บุคลากรทางการศึกษา --วิจัย,สมรรถภาพในการทำงาน --วิจัย,มหาวิทยาลัยมหาสารคาม --บัณฑิตวิทยาลัย --วิจัย,,,บัณฑิตวิทยาลัย มหาวิทยาลัยมหาสารคาม,2562,pdf,https://khoon.msu.ac.th/_dir/fulltext/2025/06/Kanoknuan_Narinya62.pdf,tha,มหาวิทยาลัยมหาสารคาม,โครงการวิจัยนี้ได้รับการสนับสนุนการวิจัยงบประมาณเงินรายได้ ประจาปีงบประมาณ 2562 มหาวิทยาลัยมหาสารคาม,,,,
2,การศึกษาปัญหาและแนวทางการพัฒนาการบริหารงานบุคคลของมหาวิทยาลัยมหาสารคาม,,,กนกวรรณ เชาว์น้อย,,,,,,,,,การบริหารงานบุคคล --วิจัย,มหาวิทยาลัยมหาสารคาม --กองการเจ้าหน้าที่ --วิจัย,,,,กองการเจ้าหน้าที่ สำนักงานอธิการบดี มหาวิทยาลัยมหาสารคาม,2559,pdf,https://khoon.msu.ac.th/_dir/fulltext/2025/06/Kanokvan_Chaonoi59.pdf,tha,มหาวิทยาลัยมหาสารคาม,ได้รับการสนับสนุนการวิจัยจากงบประมาณเงินรายได้ประจำปีงบประมาณ 2559 มหาวิทยาลัยมหาสารคาม,,,,
2,การประเมินกระบวนการรับรายงานตัวนิสิตใหม่ ระดับปริญญาตรี มหาวิทยาลัยมหาสารคาม,,,กนกวรรณ เวียงสงค์,,,,,,,,,มหาวิทยาลัยมหาสารคาม --การรับนักศึกษา --วิจัย,มหาวิทยาลัยมหาสารคาม --นักศึกษา --วิจัย,,,,กองทะเบียนและประมวลผล สำนักงานอธิการบดี มหาวิทยาลัยมหาสารคาม,2561,pdf,https://khoon.msu.ac.th/_dir/fulltext/2025/06/Kanokwan_Weangsong61.pdf,tha,มหาวิทยาลัยมหาสารคาม,ได้รับทุนสนับสนุนการวิจัยจากงบประมาณเงินรายได้ ประจาปีงบประมาณ 2561 มหาวิทยาลัยมหาสารคาม,,,,
2,การเปลี่ยนแปลงระดับน้ำตาลและแลคเตทในเลือดในระหว่างการฟอกเลือดด้วยเครื่องไตเทียม,Changes in blood glucose and lactate concentrations with hemodialysis,,กมลวรรณ ตั้งวรพงศ์ชัย,กาญจนา วะทา,"Devenport, Andrew",,,,,,,การฟอกเลือดด้วยเครื่องไตเทียม --วิจัย,ไต --โรค --วิจัย,กลูโคสในเลือด --วิจัย,กรดแล็กติกในเลือด --วิจัย,,มหาวิทยาลัยมหาสารคาม,2563,pdf,https://khoon.msu.ac.th/_dir/fulltext/2026/06/Kamonwan_Tangvoraphonkchai63.pdf,tha,มหาวิทยาลัยมหาสารคาม,ได้รับการสนับสนุนการวิจัย งบประมาณเงินรายได้ ประจำปีงบประมาณ 2563 มหาวิทยาลัยมหาสารคาม,,,,
2,ปัจจัยที่มีผลต่อประสิทธิภาพการบริหารงานพัสดุ มหาวิทยาลัยมหาสารคาม,,,กรรณิการ์ บุญพิคำ,,,,,,,,,พัสดุ --การบริการ --วิจัย,มหาวิทยาลัยมหาสารคาม --การบริหาร --วิจัย,,,,คณะศึกษาศาสตร์ มหาวิทยาลัยมหาสารคาม,2561,pdf,https://khoon.msu.ac.th/_dir/fulltext/2025/08/Kannika_Bunpikam61.pdf,tha,มหาวิทยาลัยมหาสารคาม,ได้รับการสนับสนุนการวิจัย งบประมาณเงินรายได้ ประจำปีงบประมาณ 2561 มหาวิทยาลัยมหาสารคาม,,,,
2,การพัฒนารีแอคทีฟเพาเดอร์คอนกรีตในการผลิตหมอนรถไฟ,Development of reactive powder concrete in railway sleeper manufacturing,,กริสน์ ชัยมูล,ชัชวาลย์ พัฒนโยธากุล,,,,,,,,คอนกรีต --วิจัย,คานคอนกรีต --วิจัย,ทางรถไฟ --การออกแบบและการสร้าง --วิจัย,,,มหาวิทยาลัยมหาสารคาม,2558,pdf,https://khoon.msu.ac.th/_dir/fulltext/2026/01/Chatchawan_Phatthanayothakul58.pdf,tha,มหาวิทยาลัยมหาสารคาม,ได้รับการสนับสนุนการวิจัย งบประมาณเงินรายได้ ประจำปีงบประมาณ 2558 มหาวิทยาลัยมหาสารคาม,,,,
2,การสร้างแบบจำลองปัจจัยเชิงสาเหตุความขัดแย้งในโครงการก่อสร้างขนาด SME ไทย ,Modeling of causal factors of conflicts in SME thai construction projects,,กฤต โง้วธนสุวรรณ,,,,,,,,,การก่อสร้าง --การประมาณราคา --วิจัย,การก่อสร้าง --วิจัย,โครงการก่อสร้าง --วิจัย,อุตสาหกรรมการก่อสร้าง --การจัดการ --วิจัย,,มหาวิทยาลัยมหาสารคาม,2564,pdf,https://khoon.msu.ac.th/_dir/fulltext/2026/02/Grit_Ngowthanasuwan64.pdf,tha,มหาวิทยาลัยมหาสารคาม,ได้รับการสนับสนุนการวิจัย งบประมาณรายได้ ประจำปีงบประมาณ 2564 มหาวิทยาลัยมหาสารคาม,,,,
2,ลักษณะพื้นฐานและการตรวจวินิจฉัยระดับใมเลกุลของภาวะฮีโมโกลบินเอฟสูงในผู้ใหญ่ที่ไม่ใช่การขาดหายไปของยีน,Molecular basis and molecular characterization of non-deletional high Hb F determinants in Thailand,,กฤษดา สิงหะ,,,,,,,,,ธาลัสซีเมีย --การวินิจฉัย --วิจัย,ฮีโมโกลบิน --วิจัย,ฮีโมโกลบินผิดปกติ --วิจัย,,,มหาวิทยาลัยมหาสารคาม,2564,pdf,https://khoon.msu.ac.th/_dir/fulltext/2026/02/Kritsada_Singha64.pdf,tha,มหาวิทยาลัยมหาสารคาม,ได้รับการสนับสนุนการวิจัย งบประมาณรายได้ ประจำปีงบประมาณ 2564 มหาวิทยาลัยมหาสารคาม,,,,
5,คู่มือปฏิบัติงานการบริหารจัดการวารสารการเมืองกาปกครอง,,,กวินทร์ พิมจันนา,,,,,,,,,วารสาร --คู่มือ,วารสาร --การจัดการ --คู่มือ,วารสารการเมืองการปกครอง --คู่มือ,สิ่งพิมพ์ต่อเนื่อง --การจัดการ --คู่มือ,มหาวิทยาลัยมหาสารคาม --วิทยาลัยการเมืองการปกครอง --วารสาร --คู่มือ,วิทยาลัยการเมืองการปกครอง มหาวิทยาลัยมหาสารคาม,2566,pdf,https://khoon.msu.ac.th/_dir/fulltext/2025/05/kawin.pdf,tha,มหาวิทยาลัยมหาสารคาม,,,,,
2,ปัจจัยที่มีผลต่อการพ้นจากสภาพนิสิตและสมัครเข้าศึกษาใหม่ในสถาบันเดิมของนิสิตระดับปริญญาตรี มหาวิทยาลัยมหาสารคาม,,,กัญยาลักษ์ บุญชาลี,,,,,,,,,การออกกลางคันในสถาบันอุดมศึกษา --ไทย --มหาสารคาม --วิจัย,มหาวิทยาลัยมหาสารคาม --นักศึกษา --วิจัย,,,,กลุ่มงานประมวลผล กองทะเบียนและประมวลผล สำนักงานอธิการบดี มหาวิทยาลัยมหาสารคาม,2558,pdf,https://khoon.msu.ac.th/_dir/fulltext/2025/06/Kanyalak_Bunchalee58.pdf,tha,มหาวิทยาลัยมหาสารคาม,ได้รับการสนับสนุนการวิจัย งบประมาณเงินรายได้ ประจำปีงบประมาณ 2558 มหาวิทยาลัยมหาสารคาม,,,,
2,ปัจจัยที่ส่งผลต่อประสิทธิภาพการปฏิบัติงานตามสมรรถนะหลักของบุคลากรสายสนับสนุนสถาบันวิจัยวลัยรุกขเวช มหาวิทยาลัยมหาสารคาม,รายงานฉบับสมบูรณ์ปัจจัยที่ส่งผลต่อประสิทธิภาพการปฏิบัติงานตามสมรรถนะหลักของบุคลากรสายสนับสนุนสถาบันวิจัยวลัยรุกขเวช มหาวิทยาลัยมหาสารคาม,,กัทลี ศักดาคำ,,,,,,,,,การบริหารงานบุคคล --วิจัย,บุคลากรทางการศึกษา --ไทย --มหาสารคาม --วิจัย,สมรรถภาพในการทำงาน --ไทย --มหาสารคาม --วิจัย,,,มหาวิทยาลัยมหาสารคาม,2560,pdf,https://khoon.msu.ac.th/_dir/fulltext/2025/10/kattali60.pdf,tha,มหาวิทยาลัยมหาสารคาม,โครงการวิจัยนี้ได้รับการสนับสนุนการวิจัยงบประมาณรายได้ ประจำปีงบประมาณ 2560 มหาวิทยาลัยมหาสารคาม,,,,
2,การสร้างองค์ประกอบตัวบ่งชี้และเกณฑ์การตรวจสอบคุณภาพสำหรับการดำเนินงานกิจกรรมพัฒนานิสิต มหาวิทยาลัยมหาสารคาม,,,กัมปนาท อาชา,สมสมัย บุญทศ,,,,,,,,ตัวบ่งชี้ทางการศึกษา --วิจัย,มหาวิทยาลัยมหาสารคาม --นักศึกษา --วิจัย,,,,มหาวิทยาลัยมหาสารคาม,2558,pdf,https://khoon.msu.ac.th/_dir/fulltext/2025/10/Kampanat_Acha58.pdf,tha,มหาวิทยาลัยมหาสารคาม,ได้รับการสนับสนุนการวิจัย งบประมาณเงินรายได้ ประจำปีงบประมาณ 2558 มหาวิทยาลัยมหาสารคาม,,,,
2,การตรวจคัดกรองสารพฤกษเคมีและฤทธิ์ต้านอนุมูลอิสระในสารสกัดจากอ้อยต่างสายพันธุ์ที่ปลูกในพื้นที่จังหวัดมหาสารคาม,Screening of phytochemicals and their antioxidant activities in sugarcane extracts planted in the area of Mahasarakham Province,,กิตติศักดิ์ เกิดชาญ,นวลใจ โคตรแสง,ประสงค์ สีหานาม,,,,,,,สารพฤกษเคมี --วิจัย,สารสกัดจากพืช --วิจัย,ออกซิเดชัน --วิจัย,อ้อย --วิจัย,,มหาวิทยาลัยมหาสารคาม,2563,pdf,https://khoon.msu.ac.th/_dir/fulltext/2026/06/Kittisak_Koedchan63.pdf,tha,มหาวิทยาลัยมหาสารคาม,ได้รับการสนับสนุนการวิจัย งบประมาณเงินรายได้ ประจำปีงบประมาณ 2563 มหาวิทยาลัยมหาสารคาม,,,,
5,คู่มือการปฏิบัติงานการบริหารจัดการเงินยืมทดรองราชการของวิทยาลัยการเมืองการปกครอง มหาวิทยาลัยมหาสารคาม,,,เกียรติคุณ เรืองสุวรรณ,,,,,,,,,การเงิน --กฎหมายและระเบียบข้อบังคับ,การเงิน --คู่มือ,มหาวิทยาลัยมหาสารคาม --วิทยาลัยการเมืองการปกครอง --การเงิน --คู่มือ,มหาวิทยาลัยมหาสารคาม --วิทยาลัยการเมืองการปกครอง --คู่มือ,,วิทยาลัยการเมืองการปกครอง มหาวิทยาลัยมหาสารคาม,2566,pdf,https://khoon.msu.ac.th/_dir/fulltext/2025/05/kiattikhun53.pdf,tha,มหาวิทยาลัยมหาสารคาม,,,,,
2,การพัฒนาทักษะการรู้สารสนเทศในรายวิชาสารสนเทศทางการพยาบาล,The development of information literacy skill in nursing informatics course,,แกมกาญจน์ สมประเสริฐศรี,สิริพงษ์ ครบอุดม,,,,,,,,การรู้สารสนเทศ --วิจัย,สารสนเทศทางการพยาบาล --วิจัย,มหาวิทยาลัยมหาสารคาม --วิจัย,,,"ภาควิชาสารสนเทศศาสตร์ คณะวิทยาการสารสนเทศ มหาวิทยาลัยมหาสารคาม,",2561,pdf,https://khoon.msu.ac.th/_dir/fulltext/2025/07/Gamgran_Sompasertsri61.pdf,tha,มหาวิทยาลัยมหาสารคาม,ได้รับการสนับสนุนการวิจัย งบประมาณเงินรายได้ ประจำปีงบประมาณ 2561 มหาวิทยาลัยมหาสารคาม,,,,
2,การรับรู้ข้อมูลข่าวสารสื่อประชาสัมพันธ์แนะแนวการศึกษาในระดับปริญญาตรี มหาวิทยาลัยมหาสารคาม ที่มีผลต่อการตัดสินใจเข้าศึกษาของนิสิตชั้นปีที่ 1 ปีการศึกษา 2560 มหาวิทยาลัยมหาสารคาม,Notification on academic guidance information publicity of Mahasarakham University year 1 students of academic year 2017 that affects their decisions to study in Mahasarakham University,,ขวัญธิดา ไชยศิลา,,,,,,,,,การแนะแนวการศึกษา --วิจัย,การประชาสัมพันธ์ --วิจัย,แรงจูงใจ (จิตวิทยา) --วิจัย,มหาวิทยาลัยมหาสารคาม --การประชาสัมพันธ์ --วิจัย,มหาวิทยาลัยมหาสารคาม --นักศึกษา --วิจัย,กองบริการการศึกษา มหาวิทยาลัยมหาสารคาม,2560,pdf,https://khoon.msu.ac.th/_dir/fulltext/2025/09/Kwuantida_Chaisila60.pdf,tha,มหาวิทยาลัยมหาสารคาม,,,,,
2,สมบัติทางเคมีไฟฟ้าของเส้นใยนาโนเชิงประกอบ SnO2 และ ZnO,Electrochemical properties of SnO2 and ZnO nanofibers,,ขวัญฤทัย วงศาพรม,อรวรรณ บัณฑิต,,,,,,,,เคมีไฟฟ้า --วิจัย,เส้นใยนาโน --สมบัติทางไฟฟ้า --วิจัย,,,,คณะวิทยาศาสตร์ มหาวิทยาลัยมหาสารคาม,2562,pdf,https://khoon.msu.ac.th/_dir/fulltext/2026/06/Kwanruthai_Wongsaprom62.pdf,tha,มหาวิทยาลัยมหาสารคาม,ได้รับการสนับสนุนการวิจัย งบประมาณเงินรายได้ ประจำปีงบประมาณ 2562 มหาวิทยาลัยมหาสารคาม,,,,
2,"วัสดุผสมนาโนนิกเกิลไฮดรอกไซด์, นิกเกิลออกไซด์ และแมงกานีสออกไซด์","Ni(OH)2, NiO and MnO2 nanocomposite : Synthesis and electrochemical properties",,ขวัญฤทัย วงศาพรม,ชลิตา วิเศษรินทอง,,,,,,,,เคมีไฟฟ้า --วิจัย,โครงสร้างนาโน --วิจัย,นิกเกิลออกไซด์ --วิจัย,แมงกานีสออกไซด์ --วิจัย,,มหาวิทยาลัยมหาสารคาม,2562,pdf,https://khoon.msu.ac.th/_dir/fulltext/2026/06/Kwanruthai _wongsaprom62.pdf,tha,มหาวิทยาลัยมหาสารคาม,ได้รับการสนับสนุนการวิจัย งบประมาณเงินรายได้ ประจำปีงบประมาณ 2562 มหาวิทยาลัยมหาสารคาม,,,,
2,สมบัติทางเคมีไฟฟ้าและแม่เหล็กขอโครงสร้างนาโน SnO2 เจือด้วยโลหะ,Electrochemical and magnetic properties of metals doped SnO2 nanostructures,,ขวัญฤทัย วงศาพรม,เอกพล วิญญายงค์,,,,,,,,เคมีไฟฟ้า --วิจัย,โครงสร้างนาโน --สมบัติทางไฟฟ้า --วิจัย,โครงสร้างนาโน --สมบัติทางแม่เหล็ก --วิจัย,แม่เหล็ก --วิจัย,,มหาวิทยาลัยมหาสารคาม,2562,pdf,https://khoon.msu.ac.th/_dir/fulltext/2025/08/kwanruthai_wongsaprom62.pdf,tha,มหาวิทยาลัยมหาสารคาม,ได้รับการสนับสนุนการวิจัย งบประมาณเงินรายได้ ประจำปีงบประมาณ 2562 มหาวิทยาลัยมหาสารคาม,,,,
2,การศึกษาทบทวนพืชสกุลหนามแท่ง (วงศ์เข็ม) ในประเทศไทย,,,คณิต แวงวาสิต,กมลหทัย แวงวาสิต,,,,,,,,พืช --การกระจายพันธุ์ --วิจัย,พืชวงศ์เข็ม --นิเวศวิทยา --วิจัย,พืชวงศ์เข็ม --วิจัย,สัณฐานวิทยาพืช --วิจัย,,มหาวิทยาลัยมหาสารคาม,2563,pdf,https://khoon.msu.ac.th/_dir/fulltext/2026/06/Kanit_Wangwasit63.pdf,tha,มหาวิทยาลัยมหาสารคาม,ได้รับการสนับสนุนการวิจัย งบประจำปีงบประมาณ 2563 มหาวิทยาลัยมหาสารคาม,,,,
2,การพัฒนาระบบสารสนเทศเพื่อการติดตามทุนวิจัยภายในคณะเภสัชศาสตร์ มหาวิทยาลัยมหาสารคาม ,Development of information system for tracking research funding within the faculty of Pharmacy Mahasarakham University,,คนึงศรี นิลดี,,,,,,,,,ทุนอุดหนุนการวิจัย --วิจัย,ระบบการจัดเก็บและค้นข้อสนเทศ --วิจัย,ระบบการจัดเก็บและค้นคืนสารสนเทศ --ทุนอุดหนุนการวิจัย --วิจัย,สารสนเทศ --ทุนอุดหนุนการวิจัย --วิจัย,มหาวิทยาลัยมหาสารคาม --ทุนอุดหนุนการวิจัย --วิจัย,มหาวิทยาลัยมหาสารคาม,2568,pdf,https://khoon.msu.ac.th/_dir/fulltext/2025/09/Kanungsri_Nindee68.pdf,tha,มหาวิทยาลัยมหาสารคาม,ได้รับการสนับสนุนการวิจัย งบประมาณเงินรายได้คณะเภสัชศาสตร์ ประจำปีงบประมาณ 2568 มหาวิทยาลัยมหาสารคาม,,,,
4,หลักสูตรพลังงานทดแทนการทำถ่านอัดแท่งจากวัสดุเหลือใช้ทางการเกษตร,Renewable energy program of charcoal briquettes from agricultural residues,,จักรี กล้าขยัน,,,,,,,,,พลังงานทดแทน --หลักสูตร,วัสดุเหลือใช้จากพืชเศรษฐกิจ,,,,มหาวิทยาลัยมหาสารคาม,2564,pdf,https://khoon.msu.ac.th/_dir/fulltext/2025/12/Jagree_Klakayan.pdf,tha,มหาวิทยาลัยมหาสารคาม,,,,,
2,การพัฒนาระบบการดูแลผู้ป่วยจิตเภทในชุมชนโดยทีมสหวิชาชีพเครือข่ายบริการสุขภาพ อำเภอบ้านแท่น จังหวัดชัยภูมิ,"Development of health care system in the community for patients with schizophrenia by multidisciplinary team : Amphoe Ban Thaen, Chaiyaphum Province",,,,,,,,,,,ผู้ป่วยจิตเภท --การดูแล --วิจัย,ผู้ป่วยทางจิต --การดูแล --วิจัย,,,,"คณะเภสัชศาสตร์ มหาวิทยาลัยมหาสารคาม,",2561,pdf,https://khoon.msu.ac.th/_dir/fulltext/2026/06/Jantip_kanjanasil61.pdf,tha,มหาวิทยาลัยมหาสารคาม,ได้รับการสนับสนุนการวิจัย งบประมาณเงินรายได้ ประจำปีงบประมาณ 2561 มหาวิทยาลัยมหาสารคาม,,,,
2,การสกัดจุดบกพร่องเชิงสัมพันธ์จากคลังรายงานจุดบกพร่องของซอฟต์แวร์,Extracting of bug dependency from bug report repository,,จันทิมา พลพินิจ,บัญชา เหลือผล,,,,,,,,ความมั่นคงในระบบคอมพิวเตอร์ --วิจัย,ซอฟต์แวร์ --วิจัย,,,,มหาวิทยาลัยมหาสารคาม,2563,pdf,https://khoon.msu.ac.th/_dir/fulltext/2026/04/Jantima_Pholpinit63.pdf,tha,มหาวิทยาลัยมหาสารคาม,ได้รับการสนับสนุนการวิจัยงบประมาณทุนอุดหนุนวิจัยสำหรับนิสิตระดับบัณฑิตศึกษา (ปริญญาเอก) ประจำปีงบประมาณ 2563 มหาวิทยาลัยมหาสารคาม,,,,
2,โมเดลการตัดสินใจตั้งครรภ์ของสตรีที่ติดเชื้อ HIV,,,จารุวรรณ ก้าวหน้าไกล,,,,,,,,,การตั้งครรภ์ --ภาวะแทรกซ้อน --วิจัย,พยาบาลผดุงครรภ์ --วิจัย,โรคเอดส์ขณะตั้งครรภ์ --วิจัย,สตรีที่ติดเชื้อเอชไอวี --วิจัย,สตรีมีครรภ์ --วิจัย,มหาวิทยาลัยมหาสารคาม,2564,pdf,https://khoon.msu.ac.th/_dir/fulltext/2026/02/Jaruwan_Kownaklai64.pdf,tha,มหาวิทยาลัยมหาสารคาม,ได้รับการสนับสนุนการวิจัย งบประมาณรายได้ ประจำปีงบประมาณ 2564 มหาวิทยาลัยมหาสารคาม,,,,
2,ความรู้ ทัศนคติ และพฤติกรรมการเป็นสำนักงานที่เป็นมิตรกับสิ่งแวดล้อมของบุคลากรสายสนับสนุนในมหาวิทยาลัยมหาสารคาม,"Knowledge, attitude and behavior of office support staff toward the green office at Mahasarakham University",,จิตตรานนท์ จันทะเสน,,,,,,,,,การจัดการสำนักงาน --แง่สิ่งแวดล้อม --วิจัย,สำนักงาน --แง่สิ่งแวดล้อม --วิจัย,,,,มหาวิทยาลัยมหาสารคาม,2561,pdf,https://khoon.msu.ac.th/_dir/fulltext/2026/06/Jittranon_Jantasen61.pdf,tha,มหาวิทยาลัยมหาสารคาม,ได้รับการสนับสนุนการวิจัย งบประมาณรายได้ ประจำปีงบประมาณ 2561มหาวิทยาลัยมหาสารคาม,,,,
2,การสกัดระดับจุลภาคด้วยของเหลวแบบกระจายโดยใช้ของเหลวไอออนิกควบคู่กับการวิเคราะห์ด้วยเทคนิคโครมาโทกราฟีของเหลวสมรรถนะสูงสำหรับการหาสารกำจัดศัตรูพืช,Dispersive liquid-liquid microextraction using ionic liquid coupled with high-performance liquid chromatography for determination of pesticides,,จิตรลดา วิชาผง,,,,,,,,,สารฆ่าศัตรูพืชและสัตว์ --วิจัย,การสกัด (เคมี) --วิจัย,โครมาโทกราฟี --วิจัย,,,มหาวิทยาลัยมหาสารคาม,2563,pdf,https://khoon.msu.ac.th/_dir/fulltext/2026/07/Jitlada_Vichapong63.pdf,tha,มหาวิทยาลัยมหาสารคาม,ได้รับการสนับสนุนการวิจัย ประจำปีงบประมาณ 2563 มหาวิทยาลัยมหาสารคาม,,,,
2,ผลกระทบของการนำเทคโนโลยีสารสนเทศมาประยุกต์ใช้ในการปฏิบัติงานที่มีต่อคุณภาพการทำงานของเลขานุการผู้บริหารระดับสูง ของสถาบันอุดมศึกษาในประเทศไทย,,,จินตหรา แสงทะรา,,,,,,,,,พนักงานสำนักงาน --วิจัย,เลขานุการ --วิจัย,สถาบันอุดมศึกษา --การบริหาร --วิจัย,,,"กองกลาง สำนักงานอธิการบดี มหาวิทยาลัยมหาสารคาม,",2561,pdf,https://khoon.msu.ac.th/_dir/fulltext/2026/06/Jintara_Sangtara61.pdf,tha,มหาวิทยาลัยมหาสารคาม,ได้รับการสนับสนุนการวิจัย ประจำปีงบประมาณ 2561 มหาวิทยาลัยมหาสารคาม,,,,
2,ประสิทธิภาพของผู้เข้าร่วมโครงการพี่-น้องสัมพันธ์ของนิสิตเครือข่ายพี่-น้องสัมพันธ์ มหาวิทยาลัยมหาสารคาม,,,จิรภา สีหนาท,,,,,,,,,กิจกรรมของนักศึกษา --ไทย --มหาสารคาม --วิจัย,มหาวิทยาลัยมหาสารคาม --นักศึกษา --วิจัย,,,,กองบริการการศึกษา มหาวิทยาลัยมหาสารคาม,2561,pdf,http://khoon.msu.ac.th/_dir/fulltext/fulltextman/fulltext2/full4/jirapa12658/titlepage.pdf,tha,มหาวิทยาลัยมหาสารคาม,,,,,
2,การพัฒนาชุดกิจกรรมการจัดประสบการณ์เพื่อส่งเสริมการคิดเชิงบริหารด้านการกากับตนเองของเด็กปฐมวัยที่มีภาวะเสี่ยงสมาธิสั้น,,,จิระพร ชะโน,กาญจนา บุญประคม,,,,,,,,การศึกษาปฐมวัย --วิจัย,กิจกรรมการเรียนการสอน --วิจัย,,,,มหาวิทยาลัยมหาสารคาม,2561,pdf,https://khoon.msu.ac.th/_dir/fulltext/2026/01/Jiraporn Chano_Kanchana Boonprakhom61.pdf,tha,มหาวิทยาลัยมหาสารคาม,ได้รับการสนับสนุนการวิจัย ประจำปีงบประมาณ 2561 มหาวิทยาลัยมหาสารคาม,,,,
2,การกระทำผิดวินัยของข้าราชการและพนักงาน มหาวิทยาลัยมหาสารคาม ระหว่างปี พ.ศ. 2543 ถึง พ.ศ. 2560,Disciplinary misconduct of government officials of Mahasarakham University from 2000 to 2017,,จีรพันธ์ ภูครองเพชร,,,,,,,,,ข้าราชการ --กฎหมายและระเบียบข้อบังคับ --วิจัย,ข้าราชการ --วินัย --วิจัย,มหาวิทยาลัยมหาสารคาม --ข้าราชการ --วิจัย,มหาวิทยาลัยมหาสารคาม --พนักงาน --วิจัย,,สำนักงานอธิการบดี มหาวิทยาลัยมหาสารคาม,2561,pdf,https://khoon.msu.ac.th/_dir/fulltext/2026/01/Chiraphan_Phukrongphet61.pdf,tha,มหาวิทยาลัยมหาสารคาม,"ได้รับทุนอุดหนุนการวิจัยจากมหาวิทยาลัยมหาสารคาม
พศ 2561",,,,
2,การมีส่วนร่วมของประชาคมมหาวิทยาลัยมหาสารคามเกี่ยวกับการป้องกันอุบัติเหตุยานพาหนะในมหาวิทยาลัยมหาสารคาม,Participations of Mahasarakham University social party concerning prevention of road accidents in Mahasarakham University,,จีระศักดิ์ เจริญพันธ์,ชำนาญ มีนิยม,,,,,,,,ความปลอดภัยในท้องถนน --ไทย --มหาสารคาม --วิจัย,อุบัติเหตุ --ไทย --มหาสารคาม --วิจัย,มหาวิทยาลัยมหาสารคาม --วิจัย,,,มหาวิทยาลัยมหาสารคาม,2548,pdf,http://khoon.msu.ac.th/_dir/fulltext/full106/cheerasak10313/titlepage.pdf,tha,มหาวิทยาลัยมหาสารคาม,โครงการวิจัยนี้ได้รับการสนับสนุนการวิจัย จากงบประมาณเงินรายได้ ประจำปี 2548 มหาวิทยาลัยมหาสารคาม,,,,
2,ผลกระทบของการเรียนรู้ระบบสารสนเทศเพื่อการจัดการด้านการจัดทำใบสำคัญจ่ายที่มีผลต่อคุณภาพการให้บริการของนักวิชาการเงินและบัญชี มหาวิทยาลัยมหาสารคาม,Effect of management information system learning in the preparation of payment vouchers on the quality of service of finance and accounting scholars of the Mahasarakrm University,,จุฑาลักษณ์ สาโรจน์ รักจรรยา,,,,,,,,,การเงิน --วิจัย,การบัญชี --วิจัย,นักบัญชี --วิจัย,ระบบสารสนเทศเพื่อการจัดการ --วิจัย,,กองคลังและพัสดุ สำนักงานอธิการบดี มหาวิทยาลัยมหาสารคาม,2562,pdf,https://khoon.msu.ac.th/_dir/fulltext/2025/09/jataluck_sarose rakchauya62.pdf,tha,มหาวิทยาลัยมหาสารคาม,,,,,
2,"การศึกษาคุณภาพการให้บริการระบบ ""GSBP"" บริหารจัดการของบุคลากรกองคลังและพัสดุ มหาวิทยาลัยมหาสารคาม",The education service quality using grovenment savings bank program menagement of Division of Finance and Facilities Mahasarakham University,,จุฑาลักษณ์ สาโรจน์ รักจรรยา,,,,,,,,,การบริหารงานบุคคล --วิจัย,ระบบการจัดเก็บและค้นข้อสนเทศ --วิจัย,ระบบสารสนเทศเพื่อการจัดการ --วิจัย,,,มหาวิทยาลัยมหาสารคาม,2565,pdf,https://khoon.msu.ac.th/_dir/fulltext/2025/12/Jutaluck_Sarose_Rakchanya65.pdf,tha,มหาวิทยาลัยมหาสารคาม,ได้รับการสนับสนุนการวิจัย งบประมาณเงินรายได้ ประจำปีงบประมาณ 2555 มหาวิทยาลัยมหาสารคาม,,,,
2,ผลกระทบของการเรียนรู้นวัตกรรมในการทำงาน ที่มีผลต่อคุณภาพการให้บริการของนักวิชาการเงินและบัญชี มหาวิทยาลัยมหาสารคาม,Impact of learning innovation in work Towards the quality of service of finance and accounting scholars Mahasarakham University,,จุฑาลักษณ์ สาโรจน์ รักจรรยา,,,,,,,,,การเงิน --วิจัย,การบัญชี --วิจัย,นักบัญชี --วิจัย,สมรรถภาพในการทำงาน --วิจัย,,มหาวิทยาลัยมหาสารคาม,2564,pdf,https://khoon.msu.ac.th/_dir/fulltext/2026/01/Jutaluck_Sarose Rakchanya64.pdf,tha,มหาวิทยาลัยมหาสารคาม,,,,,
2,การออกแบบและพัฒนาระบบการดำเนินงานเงินทดรองราชการ มหาวิทยาลัยมหาสารคาม,Design and development of advanced budget operating system of Mahasarakham University,,จุติรัช ภูครองเพชร,,,,,,,,,การเงิน --วิจัย,มหาวิทยาลัยมหาสารคาม --กองคลังและพัสดุ --วิจัย,,,,มหาวิทยาลัยมหาสารคาม,2566,pdf,https://khoon.msu.ac.th/_dir/fulltext/2025/08/chutirach_phukhongphet63.pdf,tha,มหาวิทยาลัยมหาสารคาม,ได้รับการสนับสนุนการวิจัย ประจำปีงบประมาณ 2563 มหาวิทยาลัยมหาสารคาม,,,,
2,การพัฒนาคู่มือการจัดการเรียนการสอนเศรษฐศาสตร์สิ่งแวดล้อมแบบบูรณาการ สำหรับนิสิตปริญญาตรี มหาวิทยาลัยมหาสารคาม,,,จุไรรัตน์ คุรุโคตร,พัชทิชา กุลสุวรรณ์,,,,,,,,เศรษฐศาสตร์สิ่งแวดล้อม --การศึกษาและการสอน (อุดมศึกษา) --วิจัย,เศรษฐศาสตร์สิ่งแวดล้อม --ไทย --มหาสารคาม --วิจัย,สิ่งแวดล้อมศึกษา --วิจัย,มหาวิทยาลัยมหาสารคาม --นักศึกษา --วิจัย,,มหาวิทยาลัยมหาสารคาม,2558,pdf,https://khoon.msu.ac.th/_dir/fulltext/2026/06/jurairat_kurukodt58.pdf,tha,มหาวิทยาลัยมหาสารคาม,ได้รับการสนับสนุนการวิจัย งบประมาณเงินรายได้ ประจำปีงบประมาณ 2558 มหาวิทยาลัยมหาสารคาม,,,,
2,การวางนัยทั่วไปของจุดใกล้เคียงที่สุดสำหรับการหดตัววางนัยทั่วไปใกล้ในปริภูมิอิงระยะทาง,,,ฉลองชัย กล้าณรงค์,,,,,,,,,ทฤษฎีจุดตรึง --วิจัย,คณิตศาสตร์ --วิจัย,ปริภูมิ --วิจัย,,,มหาวิทยาลัยมหาสารคาม,2563,pdf,https://khoon.msu.ac.th/_dir/fulltext/2026/06/Chalongchai_Khanarong63.pdf,tha,มหาวิทยาลัยมหาสารคาม,ได้รับการสนับสนุนการวิจัย งบประมาณเงินรายได้ ประจำปีงบประมาณ 2563 มหาวิทยาลัยมหาสารคาม,,,,
2,การวางนัยทั่วไปของจุดใกล้เคียงที่สุดสำหรับการหดตัววางนัยทั่วไปใกล้ในปริภูมิอิงระยะทาง,,,ฉลองชัย กล้าณรงค์,,,,,,,,,ทฤษฎีจุดตรึง --วิจัย,คณิตศาสตร์ --วิจัย,ปริภูมิ --วิจัย,,,มหาวิทยาลัยมหาสารคาม,2563,pdf,https://khoon.msu.ac.th/_dir/fulltext/2026/06/Chalongchai_Khanarong63.pdf,tha,มหาวิทยาลัยมหาสารคาม,ได้รับการสนับสนุนการวิจัย งบประมาณเงินรายได้ ประจำปีงบประมาณ 2563 มหาวิทยาลัยมหาสารคาม,,,,
2,การพัฒนาระบบการให้บริการสารสนเทศห้องสมุดวิทยพัฒนา คณะศึกษาศาสตร์ มหาวิทยาลัยมหาสารคาม,,,ชไมพร ศรีหาเวช,,,,,,,,,บริการของห้องสมุด --วิจัย,บริการสารสนเทศ --วิจัย,ห้องสมุดสถาบันอุดมศึกษา --ไทย --มหาสารคาม --วิจัย,มหาวิทยาลัยมหาสารคาม --คณะศึกษาศาสตร์ --ห้องสมุด --วิจัย,ห้องสมุดวิทยพัฒนา --วิจัย,มหาวิทยาลัยมหาสารคาม,2565,pdf,https://khoon.msu.ac.th/_dir/fulltext/2025/09/Chamaiporn_Srihawech65.pdf,tha,มหาวิทยาลัยมหาสารคาม,ได้รับการสนับสนุนการวิจัยงบประมาณเงินรายได้ ประจำปีงบประมาณ 2565 มหาวิทยาลัยมหาสารคาม,,,,
2,การเพิ่มประสิทธิภาพทางไฟฟ้าสำหรับกังหันลมชนิดซาโวเนียสในสภาวะความเร็วลมสูง,,,ชลธี โพธิ์ทอง,ขวัญใจ นาชัยภูมิ,,,,,,,,กังหันลม --วิจัย,พลังงานลม --วิจัย,ไฟฟ้า --วิจัย,ลม --ความเร็ว,วิศวกรรมไฟฟ้า --วิจัย,มหาวิทยาลัยมหาสารคาม,2564,pdf,https://khoon.msu.ac.th/_dir/fulltext/2025/07/Chonlatee_Photong64.pdf,tha,มหาวิทยาลัยมหาสารคาม,ได้รับการสนับสนุนการวิจัยงบประมาณรายได้ ประจำปี 2564 มหาวิทยาลัยมหาสารคาม,,,,
2,การควบคุมแรงบิดและความเร็วด้วยฟัซซี่ลอจิกสำหรับการขับมอเตอร์เหนี่ยวนำคู่,,,ชลธี โพธิ์ทอง,วิไลพร เงินบาท,,,,,,,,มอเตอร์ --การควบคุม --วิจัย,มอเตอร์ไฟฟ้ากระแสสลับ --การควบคุม --วิจัย,มอเตอร์เหนี่ยวนำ --การควบคุม --วิจัย,,,มหาวิทยาลัยมหาสารคาม,2564,pdf,https://khoon.msu.ac.th/_dir/fulltext/2026/05/Chonlatee_Photong64.pdf,tha,มหาวิทยาลัยมหาสารคาม,ได้รับการสนับสนุนการวิจัย งบประมาณรายได้ ประจำปีงบประมาณ 2564 มหาวิทยาลัยมหาสารคาม,,,,
2,"ภาวะเกือบต่อเนื่องแบบอ่อน (t1, t2) บนและล่าง",,,ชวลิต บุญปก,,,,,,,,,ทอพอโลยี --วิจัย,ฟังก์ชันพีชคณิต --วิจัย,,,,มหาวิทยาลัยมหาสารคาม,2564,pdf,https://khoon.msu.ac.th/_dir/fulltext/2025/11/Chawalit_Boonpok64.pdf,tha,มหาวิทยาลัยมหาสารคาม,ได้รับการสนับสนุนการวิจัย งบประมาณเงินรายได้ ประจำปีงบประมาณ 2564 มหาวิทยาลัยมหาสารคาม,,,,
2,โมโนกราฟของเห็ดซางฮวง,Monograph of sanghuang mushroom,,ชาติไทย แก้วทอง,ประไพรัตน์ สีพลไกร,,,,,,,,การสกัด (เคมี) --วิจัย,เห็ด --วิจัย,เห็ดซางฮวง --วิจัย,,,มหาวิทยาลัยมหาสารคาม,2565,pdf,https://khoon.msu.ac.th/_dir/fulltext/2026/02/Chatthai_Kaewthong65.pdf,tha,มหาวิทยาลัยมหาสารคาม,ได้รับการสนับสนุนการวิจัย งบประมาณรายได้ ประจำปีงบประมาณ 2564 มหาวิทยาลัยมหาสารคาม,,,,
2,การสังเคราะห์และหาคุณลักษณะสารประกอบมาโครไซคลิกเพื่อใช้เป็นสารพัฒนาสีชนิดใหม่สำหรับสีย้อมทางความร้อนที่ผันกลับได้,,,ชาติไทย แก้วทอง,,,,,,,,,สีย้อมและการย้อมสี --การสังเคราะห์ --วิจัย,สีย้อมและการย้อมสี --เคมี --วิจัย,สีย้อมและการย้อมสี --วิจัย,,,มหาวิทยาลัยมหาสารคาม,2565,pdf,https://khoon.msu.ac.th/_dir/fulltext/2025/09/Chatthai_Kaewtong65.pdf,tha,มหาวิทยาลัยมหาสารคาม,ได้รับการสนับสนุนการวิจัย งบประมาณเงินรายได้ ประจำปีงบประมาณ 2564 มหาวิทยาลัยมหาสารคาม,,,,
2,ฤทธิ์ต้านอนุมูลอิสระของสารปรับเปลี่ยนโครงสร้างซัลเฟตกาแลคแตนจากสาหร่ายผมนาง,In vitro antioxidant activity of the modified sulfated galactans isolated from Gracilaria fisheri,,ชูวดี ปริวัฒนากุล,ทวุธ รัตนทิพย์,,,,,,,,สารสกัดจากพืช --วิจัย,สาหร่าย --วิจัย,อนุมูลอิสระ --วิจัย,,,มหาวิทยาลัยมหาสารคาม,2564,pdf,https://khoon.msu.ac.th/_dir/fulltext/2025/09/Choowadee_Pariwatthanakun64.pdf,tha,มหาวิทยาลัยมหาสารคาม,ได้รับการสนับสนุนการวิจัย งบประมาณเงินรายได้ ประจำปีงบประมาณ 2564 มหาวิทยาลัยมหาสารคาม,,,,
2,ฤทธิ์ลดระดับน้ำตาลในเลือด และกลไกการออกฤทธิ์ของสารสกัดจากไมยราบ,,,ชูศรี ตลับมุข,อำภา คนซื่อ,,,,,,,,กลูโคสในเลือด --การรักษาด้วยยา --วิจัย,ไมยราบ --วิจัย,สารสกัดจากพืช --วิจัย,,,มหาวิทยาลัยมหาสารคาม,2558,pdf,https://khoon.msu.ac.th/_dir/fulltext/2026/01/Chusri_Talubmook59.pdf,tha,มหาวิทยาลัยมหาสารคาม,ได้รับการสนับสนุนการวิจัย งบประมาณเงินรายได้ ประจำปีงบประมาณ 2558 มหาวิทยาลัยมหาสารคาม,,,,
2,เซตปิดวางนัยทั่วไปในปริภูมิทอพอโลยีวางนัยทั่วไปและโครงสร้างเล็กสุด,Generalized closed sets in generalized topology and minimal structure spaces,,โชคชัย วิริยะพงษ์,ทัศนีย์ เวียงวิเศษ,บุษกร คงเอียด,,,,,,,ทฤษฎีเซต --วิจัย,ทอพอโลยี --วิจัย,ปริภูมิ --วิจัย,,,มหาวิทยาลัยมหาสารคาม,2558,pdf,https://khoon.msu.ac.th/_dir/fulltext/2026/01/Chokchai_Viriyapong58.pdf,tha,มหาวิทยาลัยมหาสารคาม,ได้รับการสนับสนุนการวิจัย งบประมาณเงินรายได้ ประจำปีงบประมาณ 2558 มหาวิทยาลัยมหาสารคาม,,,,
2,"เซตปิดแบบ (T1,T2) วางนัยทั่วไปในปริภูมิเชิงไบทอพอโลยี","Generalized (T1,T2)-closed sets in bitopological spaces",,โชคชัย วิริยะพงษ์,ชวลิต บุญปก,สุพรรณี สมพงษ์,,,,,,,เซต --วิจัย,ทอพอโลยี --วิจัย,ปริภูมิ --วิจัย,,,มหาวิทยาลัยมหาสารคาม,2567,pdf,https://khoon.msu.ac.th/_dir/fulltext/2026/02/Chokchai_Viriyapong67.pdf,tha,มหาวิทยาลัยมหาสารคาม,ได้รับการสนับสนุนการวิจัย งบประมาณเงินรายได้ ประจำปีงบประมาณ 2567 มหาวิทยาลัยมหาสารคาม,,,,
2,ความหลากหลายทางชีวภาพการใช้ประโยชน์และการอนุรักษ์พืชวงศ์ขิงในจังหวัดร้อยเอ็ด,"Biodiversity, utilization and conservation of family Zingiberaceae in Roi Et province",,ฐนันดร์ศักดิ์ เพชรภักดี,ปิยะพร แสนสุข,สุรพล แสนสุข,,,,,,,ขิง --วิจัย,พืชวงศ์ขิงข่า --การใช้ประโยชน์ --วิจัย,พืชวงศ์ขิงข่า --วิจัย,,,มหาวิทยาลัยมหาสารคาม,2563,pdf,https://khoon.msu.ac.th/_dir/fulltext/2025/10/Tanansuk_Phechphakdee63.pdf,tha,มหาวิทยาลัยมหาสารคาม,ได้รับการสนับสนุนการวิจัยงบประมาณเงินรายได้ ประจำปีการศึกษา 2563 มหาวิทยาลัยมหาสารคาม,,,,
2,การศึกษาเจตคติของนิสิตระดับปริญญาตรีที่มีต่อการปรึกษาเชิงจิตวิทยาแบบออนไลน์ในช่วงการแพร่ระบาดของโรคโควิด-19,The study of undergraduate students' attitudes toward online counseling since the COVID-19 pandemic,,ฐาปนี สีเฉลียว,ภมรพรรณ์ ยุระยาตร์,,,,,,,,การให้คำปรึกษาเชิงจิตวิทยา --วิจัย,จิตวิทยาการปรึกษา --วิจัย,นักศึกษา --ทัศนคติ --วิจัย,มหาวิทยาลัยมหาสารคาม --คณะศึกษาศาสตร์ --นักศึกษา --วิจัย,,มหาวิทยาลัยมหาสารคาม,2565,pdf,https://khoon.msu.ac.th/_dir/fulltext/2025/07/thapanee_seechaliao65.pdf,tha,มหาวิทยาลัยมหาสารคาม,ได้รับการสนับสนุนการวิจัยงบประมาณรายได้ ประจำปีงบประมาณ 2565 มหาวิทยาลัยมหาสารคาม,,,,
2,ปัญหาทางกฎหมายในการสอบหาข้อเท็จจริง ศึกษาเฉพาะกรณี มหาวิทยาลัยมหาสารคาม,Legal problems in investigation : a study of Mahasarakam University,,ฐิติพร พลสุภาพ,,,,,,,,,การสืบสวนคดีทุจริต --วิจัย,ข้าราชการพลเรือน --กฎหมายและระเบียบข้อบังคับ --วิจัย,มหาวิทยาลัยมหาสารคาม --กฎหมายและระเบียบข้อบังคับ --วิจัย,,,มหาวิทยาลัยมหาสารคาม,2559,pdf,https://khoon.msu.ac.th/_dir/fulltext/2025/08/thitiporn_ponsuphab.pdf,tha,มหาวิทยาลัยมหาสารคาม,ได้รับการสนับสนุนการวิจัยงบประมาณรายได้ ประจำปีงบประมาณ 2559 มหาวิทยาลัยมหาสารคาม,,,,
2,การพัฒนาครูตามโครงการผลิตครูเพื่อพัฒนาท้องถิ่นให้มีความสามารถในการจัดการเรียนรู้,,,ฐิติวรดา พลเยี่ยม,ประสาท เนืองเฉลิม,,,,,,,,การพัฒนาการศึกษา --วิจัย,การพัฒนาบุคลากร --วิจัย,,,,มหาวิทยาลัยมหาสารคาม,2563,pdf,https://khoon.msu.ac.th/_dir/fulltext/2026/02/Thitiworada_Pholyiam63.pdf,tha,มหาวิทยาลัยมหาสารคาม,ได้รับการสนับสนุนการวิจัย งบประมาณรายได้ ประจำปีงบประมาณ 2564 มหาวิทยาลัยมหาสารคาม,,,,
2,ปัจจัยที่มีความสัมพันธ์ต่อการทำวิจัยของบุคลากรสายสนับสนุน มหาวิทยาลัยมหาสารคาม,,,ฐิติศักดิ์ เวชกามา,,,,,,,,,การจูงใจ (จิตวิทยา) --วิจัย,บุคลากรทางการศึกษา --ผลงานวิจัย --วิจัย,วิจัย --วิจัย,มหาวิทยาลัยมหาสารคาม --ผลงานวิจัย --วิจัย,,มหาวิทยาลัยมหาสารคาม,2561,pdf,https://khoon.msu.ac.th/_dir/fulltext/2025/08/Thitisak_Wechakama.pdf,tha,มหาวิทยาลัยมหาสารคาม,ได้รับการสนับสนุนการวิจัย งบประมาณแผ่นดิน (วช) ประจำปีงบประมาณ 2561 มหาวิทยาลัยมหาสารคาม,,,,
2,การวิเคราะห์และจัดทำอนุกรมศัพท์สมุนไพร โรค ตำรับยา ที่ปรากฏในเอกสารใบลานอีสาน,"An Analysis and making of vocabulary series of herb, diseases, medical recipes found in the Isan Palm-Leaf manuscript",,ณรงค์ศักดิ์ ราวะรินทร์,,,,,,,,,จารึกใบลาน --วิจัย,ตำรายาแผนโบราณ --ไทย (ภาคตะวันออกเฉียงเหนือ) --วิจัย,ยาสมุนไพร --ไทย (ภาคตะวันออกเฉียงเหนือ) --วิจัย,โรค --ไทย (ภาคตะวันออกเฉียงเหนือ) --วิจัย,สมุนไพร --ไทย (ภาคตะวันออกเฉียงเหนือ) --วิจัย,มหาวิทยาลัยมหาสารคาม,2564,pdf,https://khoon.msu.ac.th/_dir/fulltext/2025/07/narongsak_rawarin.pdf,tha,มหาวิทยาลัยมหาสารคาม,ได้รับการสนับสนุนการวิจัยงบประมาณรายได้ ประจำปีงบประมาณ 2564 มหาวิทยาลัยมหาสารคาม,,,,
2,การพัฒนาแนวทางการดำเนินงานเลขานุการภาควิชา มหาวิทยาลัยมหาสารคาม,,,ณัชชลิดา เหลี่ยมไธสง,,,,,,,,,การเลขานุการ --วิจัย,มหาวิทยาลัยมหาสารคาม --วิจัย,,,,มหาวิทยาลัยมหาสารคาม,2561,pdf,https://khoon.msu.ac.th/_dir/fulltext/2025/10/Natchaleeda_Liamthaisong61.pdf,tha,มหาวิทยาลัยมหาสารคาม,ได้รับการสนับสนุนการวิจัยงบประมาณรายได้ ประจำปีงบประมาณ 2561 มหาวิทยาลัยมหาสารคาม,,,,
2,การพัฒนากระบวนการจัดการเรียนรู้โดยผสานแนวคิดทฤษฎีการประมวลผลข้อมูลประกอบกลุ่มร่วมมือเพื่อส่งเสริมความสามารถด้านการอ่านและการเขียนภาษาอังกฤษ นักเรียนชั้นประถมศึกษาปีที่ 5 ,Development of learning process based on information processing theory with cooperative learning approach to enhance abilities on reading comprehension and writing in english of prathomsuksa 5 students,,ณัชชา ทัดภูธร,ธีระพงษ์ มีไธสง,,,,,,,,ภาษาอังกฤษ --การเขียน --วิจัย,ภาษาอังกฤษ --การศึกษาและการสอน (ประถมศึกษา) --วิจัย,ภาษาอังกฤษ --การอ่าน --วิจัย,,,มหาวิทยาลัยมหาสารคาม,2558,pdf,https://khoon.msu.ac.th/_dir/fulltext/2026/06/Natcha_Thatphuthorn58.pdf,tha,มหาวิทยาลัยมหาสารคาม,ได้รับการสนับสนุนการวิจัยงบประมาณรายได้ ประจำปีงบประมาณ 2558 มหาวิทยาลัยมหาสารคาม,,,,
2,ความพึงพอใจต่อคุณภาพการให้บริการงานบัณฑิตศึกษา คณะวิทยาการสารสนเทศ มหาวิทยาลัยมหาสารคาม,,,ณิชาพัชร์ อิศรางกูร ณ อยุธยา,,,,,,,,,ความพอใจของผู้ใช้บริการ --วิจัย,มหาวิทยาลัยมหาสารคาม --คณะวิทยาการสารสนเทศ --วิจัย,,,,คณะวิทยาการสารสนเทศ มหาวิทยาลัยมหาสารคาม,2560,pdf,https://khoon.msu.ac.th/_dir/fulltext/2025/10/Nichaphat_Isarangkul60.pdf,tha,มหาวิทยาลัยมหาสารคาม,ได้รับการสนับสนุนการวิจัยงบประมาณรายได้ คณะวิทยาการสารสนเทศ ประจำปีงบประมาณ 2560 มหาวิทยาลัยมหาสารคาม,,,,
2,สมรรถนะหลักของบุคลากรสายสนับสนุนกับประสิทธิผลการปฏิบัติงานเลขานุการภาควิชาของมหาวิทยาลัยมหาสารคาม,The Core competency of supporting staff and the performance effectiveness of secretary office in departments of Mahasarakham University,,ดาราพร ไชยสีทา,,,,,,,,,เลขานุการ --วิจัย,มหาวิทยาลัยมหาสารคาม --บุคลากร --วิจัย,,,,มหาวิทยาลัยมหาสารคาม,2561,pdf,https://khoon.msu.ac.th/_dir/fulltext/2025/09/daraporn_chai.pdf,tha,มหาวิทยาลัยมหาสารคาม,ได้รับการสนับสนุนการวิจัยงบประมาณรายได้ ประจำปีงบประมาณ 2561 มหาวิทยาลัยมหาสารคาม,,,,
2,ผลของระดับน้ำต่อการเจริญเติบโต ลักษณะทางการเกษตร และผละผลผลิตของข้าวฟ่างหวานพันธุ์บริสุทธิ์,"Effect of water regimes on growth, agro-physio performances and yield of pure line sweet sorghum cultivars",,ดาริการ์ บุญพันธ์,,,,,,,,,ข้าวฟ่างหวาน --การปลูก --วิจัย,ข้าวฟ่างหวาน --วิจัย,พืช --ผลกระทบจากระดับน้ำ --วิจัย,,,มหาวิทยาลัยมหาสารคาม,2565,pdf,https://khoon.msu.ac.th/_dir/fulltext/2026/03/Darika_bunphan65.pdf,tha,มหาวิทยาลัยมหาสารคาม,ได้รับการสนับสนุนการวิจัยจากทุนอุดหนุนการวิจัยประเภทส่งเสริมการตีพิมพ์ในวารสารระดับนานาชาติ ประจำปีงบประมาณ พศ 2565 มหาวิทยาลัยมหาสารคาม,,,,
2,ผลของความเค็มต่อการเจริญเติบโต ลักษณะทางการเกษตร และผลผลิตของงาดำพันธุ์ไทย,"Effect of salinity levels on growth, some agronomic traits and yield of Thai black sesame (Sesomum indicum L.)",,ดาริการ์ บุญพันธ์,,,,,,,,,งา --การปลูก --วิจัย,งา --วิจัย,ดินเค็ม --วิจัย,,,มหาวิทยาลัยมหาสารคาม,2565,pdf,https://khoon.msu.ac.th/_dir/fulltext/2026/03/Darika_Bunphan2565.pdf,tha,มหาวิทยาลัยมหาสารคาม,ได้รับการสนับสนุนการวิจัยจากทุนอุดหนุนการวิจัยประเภทส่งเสริมการตีพิมพ์ในวารสารระดับนานาชาติ ประจำปีงบประมาณ พศ 2565 มหาวิทยาลัยมหาสารคาม,,,,
2,การพัฒนาฐานข้อมูลความรู้ด้วยซอฟต์แวร์โอเพนซอร์ส ,,,ดุลยเทพ ภัทรโกศล,,,,,,,,,การออกแบบฐานข้อมูล --วิจัย,โอเพนซอร์สซอฟต์แวร์ --วิจัย,ฐานข้อมูล --วิจัย,,,"สำนักคอมพิวเตอร์ มหาวิทยาลัยมหาสารคาม,",2552,pdf,http://khoon.msu.ac.th/_dir/fulltext/fulltextman/fulltext2/full4/dunahep11377/titlepage.pdf,tha,มหาวิทยาลัยมหาสารคาม,,,,,
2,การพัฒนาหลักสูตรท้องถิ่นในการจัดการสิ่งแวดล้อมด้วยภูมิปัญญาอีสาน,,,ถวิล ชนะบุญ,,,,,,,,,หลักสูตรท้องถิ่น --วิจัย,ภูมิปัญญาชาวบ้าน --ไทย (ภาคตะวันออกเฉียงเหนือ) --วิจัย,การจัดการสิ่งแวดล้อม --วิจัย,,,มหาวิทยาลัยมหาสารคาม,2546,pdf,http://khoon.msu.ac.th/_dir/fulltext/full131/thawin131106/titlepage.pdf,tha,มหาวิทยาลัยมหาสารคาม,,,,,
2,รายงานการวิจัยเรื่องการรวบรวมมะม่วงพื้นเมืองเพื่อการศึกษา ,,,ถวิล ชนะบุญ,สมบัติ ประภาวิชา,,,,,,,,มะม่วง --การขยายพันธุ์ --วิจัย,,,,,"สถาบันวิจัยวลัยรุกขเวช มหาวิทยาลัยมหาสารคาม,",2542,pdf,http://khoon.msu.ac.th/_dir/fulltext/full70/tawin6360/titlepage.pdf,tha,มหาวิทยาลัยมหาสารคาม,รายงานการวิจัยฉบับนี้ได้รับการสนับสนุนจากเงินรายได้ ประจำปี 2542,,,,
2,การศึกษาผลสัมฤทธิ์ทางการเรียนและความคิดสร้างสรรค์ทางวิทยาศาสตร์ของนักเรียนชั้นมัธยมศึกษาปีที่ 4 โดยใช้การสอนแบบสร้างสรรค์เป็นฐาน,,,ทัศน์ศิรินทร์ สว่างบุญ,ไพลิน แก้วตก,,,,,,,,การวัดผลทางการศึกษา --วิจัย,ความคิดสร้างสรรค์ --วิจัย,ผลสัมฤทธิ์ทางการเรียน --วิจัย,วิทยาศาสตร์ --การศึกษาและการสอน (มัธยมศึกษา) --วิจัย,,มหาวิทยาลัยมหาสารคาม,2561,pdf,https://khoon.msu.ac.th/_dir/fulltext/2026/07/Tatsirin_Sawangboon61.pdf,tha,มหาวิทยาลัยมหาสารคาม,ได้รับการสนับสนุนการวิจัย งบประมาณเงินรายได้ ประจำปีงบประมาณ 2560 มหาวิทยาลัยมหาสารคาม,,,,
2,สังเคราะห์องค์ความรู้การจัดการพิพิธภัณฑ์ผ้าในสถาบันอุดมศึกษา,,,ทัศนีย์ บัวระภา,,,,,,,,,พิพิธภัณฑ์มหาวิทยาลัย --วิจัย,พิพิธภัณฑ์ --การจัดการ --วิจัย,พิพิธภัณฑ์สิ่งทอ --วิจัย,,,มหาวิทยาลัยมหาสารคาม,2561,pdf,https://khoon.msu.ac.th/_dir/fulltext/2026/03/Tassanee_Buarapha61.pdf,tha,มหาวิทยาลัยมหาสารคาม,,,,,
2,การพัฒนาแนวทางการจัดทำงบประมาณเงินรายได้ คณะศึกษาศาสตร์ มหาวิทยาลัยมหาสารคาม,,,ทิฆัมพร ปัสสาโก,,,,,,,,,งบประมาณ --ไทย --มหาสารคาม --วิจัย,มหาวิทยาลัยมหาสารคาม --คณะศึกษาศาสตร์ --การบริหาร --วิจัย,มหาวิทยาลัยมหาสารคาม --คณะศึกษาศาสตร์ --งบประมาณ --วิจัย,,,มหาวิทยาลัยมหาสารคาม,2561,pdf,https://khoon.msu.ac.th/_dir/fulltext/2025/08/Thikhamporn_Putsargo62.pdf,tha,มหาวิทยาลัยมหาสารคาม,รายงานการวิจัยเรื่องการพัฒนาแนวทางการจัดทำงบประมาณเงินรายได้ คณะศึกษาศาสตร์ มหาวิทยาลัยมหาสารคาม,,,,
2,การพัฒนาสื่อสิ่งพิมพ์ผสานความจริงเสริมเพื่อสร้างภาพลักษณ์ของมหาวิทยาลัยมหาสารคาม,,,ธนภร ปฐมวณิชกุล,,,,,,,,,ภาพลักษณ์องค์การ --วิจัย,สิ่งพิมพ์ --การออกแบบ --วิจัย,องค์การ --การประชาสัมพันธ์ --วิจัย,,,มหาวิทยาลัยมหาสารคาม,2561,pdf,https://khoon.msu.ac.th/_dir/fulltext/2026/03/Thanaporn_Pathomwanichkul61.pdf,tha,มหาวิทยาลัยมหาสารคาม,ได้รับการสนับสนุนการวิจัย งบประมาณเงินรายได้ ประจำปีงบประมาณ 2561 มหาวิทยาลัยมหาสารคาม,,,,
2,การพัฒนาวิธีการพยากรณ์ปริมาณอิเล็กตรอนพลังงานสูง ณ วงโคจรค้างฟ้าตามเวลาแบบรายชั่วโมงในระหว่างวัฏจักรสุริยะที่ 24,,,ธนา ยีรัมย์,,,,,,,,,การวิเคราะห์อนุกรมเวลา --วิจัย,วงโคจรค้างฟ้า --วิจัย,วัฏจักรสุริยะ --วิจัย,อิเล็กตรอน --วิจัย,,มหาวิทยาลัยมหาสารคาม,2563,pdf,https://khoon.msu.ac.th/_dir/fulltext/2026/06/Thana_Yeeram63.pdf,tha,มหาวิทยาลัยมหาสารคาม,ได้รับการสนับสนุนทุนอุดหนุนการวิจัยประเภทส่งเสริมอาจารย์และนักวิจัย ประจำปีงบประมาณ พศ 2563 มหาวิทยาลัยมหาสารคาม,,,,
2,การพัฒนาแนวทางการดำเนินงานการประกันคุณภาพการศึกษาภายในระดับหลักสูตรของคณะในกลุ่มวิทยาศาสตร์สุขภาพ มหาวิทยาลัยมหาสารคาม,Development of guidelines for implementation of internal educational quality assurance on the curriculum level of Mahasarakham University's faculties of health sciences,,ธัญญธร พัวพิทยาธร,,,,,,,,,ประกันคุณภาพการศึกษาระดับอุดมศึกษา --วิจัย,มหาวิทยาลัยมหาสารคาม --หลักสูตร --วิจัย,,,,มหาวิทยาลัยมหาสารคาม,2565,pdf,https://khoon.msu.ac.th/_dir/fulltext/2025/07/Thanyathon_Puaphitthayathon64.pdf,tha,มหาวิทยาลัยมหาสารคาม,ได้รับการสนับสนุนการวิจัยงบประมาณรายได้ ประจำปีงบประมาณ 2564 มหาวิทยาลัยมหาสารคาม,,,,
2,รูปแบบและประเด็นการสื่อสารความรับผิดชอบต่อสังคม ของมหาวิทยาลัยมหาสารคาม,Pattern and issue of Mahasarakham University’s social responsibility communication,,ธิติพัทธ์ ลิ้มสัมฤทธิ์นิภา,,,,,,,,,การสื่อสาร --แง่สังคม --วิจัย,ความรับผิดชอบ --วิจัย,ช่องทางการสื่อสาร --วิจัย,,,มหาวิทยาลัยมหาสารคาม,2553,pdf,https://khoon.msu.ac.th/_dir/fulltext/2026/03/Thitiphat_Limsumlitnipa53.pdf,tha,มหาวิทยาลัยมหาสารคาม,ได้รับการสนับสนุนการวิจัย งบประมาณทุนส่งเสริมอาจารย์ ประจำปีงบประมาณ 2553 มหาวิทยาลัยมหาสารคาม,,,,
2,ความเป็นพิษเฉียบพลันของสารสกัดใบกาฝากมะม่วง (Dendrophthoe pentandra) ในหนูแรท,Acute toxicity of leaf extracts from dendrophthoe pentandra in rats,,ธีรพร กทิศาสตร์,สุธิรา มณีฉาย,,,,,,,,ชีวพิษจากพืช --วิจัย,พืชกาฝาก --วิจัย,สารพฤกษเคมี --วิจัย,สารสกัดจากพืช --วิจัย,,มหาวิทยาลัยมหาสารคาม,2565,pdf,https://khoon.msu.ac.th/_dir/fulltext/2025/07/Teeraporn_Katisart64.pdf,tha,มหาวิทยาลัยมหาสารคาม,ได้รับการสนับสนุนการวิจัยงบประมาณรายได้ ประจำปี 2564 มหาวิทยาลัยมหาสารคาม,,,,
2,ฤทธิ์ต้านอนุมูลอิสระและฤทธิ์ต้านเบาหวานในหลอดทดลองของสารสกัดงิ้วป่าดอกแดง (Bombax ceiba L.),In vitro anti-oxidant and anti-diabetic activity of bombax ceiba L. extracts,,ธีรพร กทิศาสตร์,นุรารัตน์ กรีอินทอง,,,,,,,,งิ้ว (พืช) --วิจัย,เบาหวาน --ผู้ป่วย --วิจัย,สารสกัดจากพืช --วิจัย,แอนติออกซิแดนท์ --วิจัย,,มหาวิทยาลัยมหาสารคาม,2563,pdf,https://khoon.msu.ac.th/_dir/fulltext/2026/07/Teeraporn_Katisart63.pdf,tha,มหาวิทยาลัยมหาสารคาม,ได้รับการสนับสนุนการวิจัย งบประมาณเงินรายได้ ประจำปีงบประมาณ 2563 มหาวิทยาลัยมหาสารคาม,,,,
2,การวิเคราะห์ความสัมพันธ์ระหว่างอุณหภูมิพื้นผิวดินและสิ่งปลูกสร้างด้วยข้อมูลจากดาวเทียมและอัลกอลิทึมแบบแยกหน้าต่าง,,,ธีรวงศ์ เหล่าสุวรรณ,ชวฤทธิ์ อันทรินทร์,,,,,,,,การวัดอุณหภูมิ --วิจัย,ระบบสารสนเทศทางภูมิศาสตร์ --วิจัย,อุณหภูมิโลก --การรับรู้จากระยะไกล,,,มหาวิทยาลัยมหาสารคาม,2564,pdf,https://khoon.msu.ac.th/_dir/fulltext/2025/09/Teerawong_Laosuwan64.pdf,tha,มหาวิทยาลัยมหาสารคาม,ได้รับการสนับสนุนการวิจัยประเภททุนอุดหนุนการวิจัยสำหรับนิสิตระดับบัณฑิตศึกษา (ปริญญาโท) ประจำปีงบประมาณ 2564 มหาวิทยาลัยมหาสารคาม,,,,
2,การพัฒนาวิธีการตรวจวัดและติดตามความเข้มข้นของก๊าซคาร์บอนไดออกไซด์ในชั้นบรรยากาศของประเทศไทยด้วยเทคโนโลยีการรับรู้จากระยะไกล,,,ธีรวงศ์ เหล่าสุวรรณ,ธนัทเดช โรจนกุศล,,,,,,,,ก๊าซเรือนกระจก --การรับรู้จากระยะไกล --วิจัย,ก๊าซเรือนกระจก --การวัด --วิจัย,คาร์บอนไดออกไซด์ในบรรยากาศ --วิจัย,ดาวเทียมในการรับรู้จากระยะไกล --วิจัย,,มหาวิทยาลัยมหาสารคาม,2564,pdf,https://khoon.msu.ac.th/_dir/fulltext/2026/03/teerawong_laosuwan64.pdf,tha,มหาวิทยาลัยมหาสารคาม,ได้รับการสนับสนุนการวิจัย ประเภทส่งเสริมการตีพิมพ์ในวารสารระดับนานาชาติ ประจำปีงบประมาณ 2564 มหาวิทยาลัยมหาสารคาม,,,,
2,การติดตามการเปลี่ยนแปลงชายฝั่งในพื้นที่เกิดวิกฤติการกัดเซาะชายฝั่งทะเลด้านอ่าวไทยตอนล่างด้วยข้อมูลจากดาวเทียมและแบบจำลองการวิเคราะห์เชิงพื้นที่,,,ธีรวงศ์ เหล่าสุวรรณ,ญาณวุฒิ อุทรักษ์,ธนัทเดช โรจนกุศล,,,,,,,การป้องกันชายฝั่ง --วิจัย,ชายฝั่ง --ผลกระทบจากสิ่งแวดล้อม --วิจัย,ฐานข้อมูลภูมิสารสนเทศ --วิจัย,วิทยาศาสตร์ทางทะเล --ระบบสารสนเทศทางภูมิศาสตร์ --วิจัย,วิทยาศาสตร์ทางทะเล --วิจัย,มหาวิทยาลัยมหาสารคาม,2564,pdf,https://khoon.msu.ac.th/_dir/fulltext/2026/02/Teerawong_Laosuwan64.pdf,tha,มหาวิทยาลัยมหาสารคาม,ได้รับการสนับสนุนการวิจัย งบประมาณรายได้ ประจำปีงบประมาณ 2564 มหาวิทยาลัยมหาสารคาม,,,,
2,การวิเคราะห์สารออกฤทธิ์ทางชีวภาพและฤทธิ์ทางชีวภาพของพืชวงศ์ผักปลาบในเขตภาคตะวันออกเฉียงเหนือ ประเทศไทย,,,ธีระพันธ์ จำเริญพัฒน์,สุรพล แสนสุข,,,,,,,,พืช --การวิเคราะห์ --วิจัย,สารสกัดจากพืช --วิจัย,สารออกฤทธิ์ทางชีวภาพจากพืช --วิจัย,ปลาบ (พืช) --วิจัย,,มหาวิทยาลัยมหาสารคาม,2564,pdf,https://khoon.msu.ac.th/_dir/fulltext/2026/03/Theeraphan_Chumroenphat64.pdf,tha,มหาวิทยาลัยมหาสารคาม,ได้รับการสนับสนุนการวิจัยจากกองทุนส่งเสริมวิทยาศาสตร์ วิจัยและนวัตกรรม ประจำปีงบประมาณ 2564 มหาวิทยาลัยมหาสารคาม,,,,
5,คู่มือการปฏิบัติงานสารบรรณ สำนักวิทยบริการ มหาวิทยาลัยมหาสารคาม,,,นงลักษณ์ พุ่มม่วง,,,,,,,,,งานสารบรรณ --คู่มือ,,,,,มหาวิทยาลัยมหาสารคาม,2550,pdf,http://khoon.msu.ac.th/_dir/fulltext/full129/nongluk12703/titlepage.pdf,tha,มหาวิทยาลัยมหาสารคาม,,,,,
2,การปรับปรุงวิธีการแยกซูมูดูสำหรับการแก้สมการอินทิโกร-ดิฟเฟอเรนเชียลวอล์แตร์ราไม่เชิงเส้น,,,นงลักษณ์ วิริยะพงษ์,,,,,,,,,สมการเชิงอนุพันธ์ --วิจัย,สมการเชิงอนุพันธ์ไม่เชิงเส้น --วิจัย,,,,มหาวิทยาลัยมหาสารคาม,2565,pdf,https://khoon.msu.ac.th/_dir/fulltext/2025/09/Nongluk_Viriyapong65.pdf,tha,มหาวิทยาลัยมหาสารคาม,ได้รับการสนับสนุนการวิจัย งบประมาณเงินรายได้ ประจำปีงบประมาณ 2564 มหาวิทยาลัยมหาสารคาม,,,,
2,"ความไม่เชื่อมโยงแบบเอ็กส์ทรีมัล (T1,T2) ในปริภูมิเชิงไบทอโลยี","(T1,T2)-extremal disconnectedness in bitopological spaces",,นงลักษณ์ วิริยะพงษ์,ชวลิต บุญปก,สุพรรณี สมพงษ์,,,,,,,ทฤษฎีเซต --วิจัย,ทอพอโลยี --วิจัย,,,,มหาวิทยาลัยมหาสารคาม,2567,pdf,https://khoon.msu.ac.th/_dir/fulltext/2026/02/Nongluk_Viriyapong67.pdf,tha,มหาวิทยาลัยมหาสารคาม,ได้รับการสนับสนุนการวิจัย งบประมาณรายได้ ประจำปีงบประมาณ 2567 มหาวิทยาลัยมหาสารคาม,,,,
2,สมการไดโอแฟนไทน์ ax + (a+2)y z2 โดยที่ a และ 19 สมภาคกันมอดุโล 28,,,นงลักษณ์ วิริยะพงษ์,โชคชัย วิริยะพงษ์,,,,,,,,การแก้โจทย์สมการ --วิจัย,คณิตศาสตร์ --วิจัย,สมการ --วิจัย,,,มหาวิทยาลัยมหาสารคาม,2567,pdf,https://khoon.msu.ac.th/_dir/fulltext/2026/02/nongluk_viriyapong2567.pdf,tha,มหาวิทยาลัยมหาสารคาม,ได้รับการสนับสนุนการวิจัย งบประมาณรายได้ ประจำปีงบประมาณ 2567 มหาวิทยาลัยมหาสารคาม,,,,
2,ระบบลงเวลาปฏิบัติราชการอัจฉริยะ,Time stamp intelligence system,,นพนัย เนื่องอุดม,สุเทพ อรัญมิตร,,,,,,,,การออกแบบฐานข้อมูล --วิจัย,การออกแบบระบบ --วิจัย,ไมโครซอฟต์วิชัวล์เบสิก --วิจัย,ระบบการจัดเก็บและค้นคืนสารสนเทศ --วิจัย,สารสนเทศ --การจัดการ --วิจัย,มหาวิทยาลัยมหาสารคาม,2560,pdf,https://khoon.msu.ac.th/_dir/fulltext/2026/03/Napanai_Nueangudom60.pdf,tha,มหาวิทยาลัยมหาสารคาม,ได้รับการสนับสนุนการวิจัย งบประมาณรายได้ ประจำปีงบประมาณ 2560 มหาวิทยาลัยมหาสารคาม,,,,
2,การศึกษาต้นทุนต่อหน่วยผลผลิตของมหาวิทยาลัยมหาสารคาม,The Study of cost per production unit of Mahasarakham University,,นัฐณิชา คำตา,,,,,,,,,การบัญชี --วิจัย,การบัญชีต้นทุน --วิจัย,งบการเงิน --วิจัย,,,มหาวิทยาลัยมหาสารคาม,2563,pdf,https://khoon.msu.ac.th/_dir/fulltext/2026/03/Nutthanicha_Khamta64.pdf,tha,มหาวิทยาลัยมหาสารคาม,"ได้รับการสนับสนุนการวิจัย
ประจำปีงบประมาณ 2563
มหาวิทยาลัยมหาสารคาม",,,,
2,ปัจจัยที่มีผลต่อการตัดสินใจเลือกเข้าศึกษาระดับปริญญาตรี คณะสาธารณสุขศาสตร์ มหาวิทยาลัยมหาสารคาม,,,นันท์ชญาณ์ แดนสีแก้วธัญ,,,,,,,,,การจูงใจ (จิตวิทยา) --วิจัย,การศึกษา --การตัดสินใจ --วิจัย,นักศึกษา --การศึกษาต่อ --วิจัย,มหาวิทยาลัยมหาสารคาม --คณะสาธารณสุขศาสตร์ --วิจัย,,คณะสาธารณสุขศาสตร์ มหาวิทยาลัยมหาสารคาม,2563,pdf,https://khoon.msu.ac.th/_dir/fulltext/2025/10/Nanchan_Danseekaewthan63.pdf,tha,มหาวิทยาลัยมหาสารคาม,,,,,
2,การวิเคราะห์การจัดซื้อและการยืมหนังสือ สำนักวิทยบริการ มหาวิทยาลัยมหาสารคาม,"The Analysis of book Acquisition and book usage in the Aacademic Resource Center, Mahasarakham University",,นันทนิจ ศรีหานารถ,,,,,,,,,หนังสือ --การจัดซื้อ --วิจัย,ห้องสมุด --การจ่ายรับ --วิจัย,ห้องสมุดและบริการของห้องสมุด --วิจัย,มหาวิทยาลัยมหาสารคาม --สำนักวิทยบริการ --วิจัย,,มหาวิทยาลัยมหาสารคาม,2560,pdf,http://khoon.msu.ac.th/_dir/fulltext/fulltextman/full4/nantanich11876/titlepage.pdf,tha,มหาวิทยาลัยมหาสารคาม,,,,,
2,ความพึงพอใจของนิสิตที่มีต่อมหาวิทยาลัยมหาสารคาม ปีการศึกษา 2562,รายงานการวิจัยความพึงพอใจของนิสิตที่มีต่อมหาวิทยาลัยมหาสารคาม ปีการศึกษา 2562,,นันทรัตน์ จำปาแดง,,,,,,,,,การบริหารการศึกษา --วิจัย,นักศึกษา --ไทย --มหาสารคาม --วิจัย,มหาวิทยาลัยมหาสารคาม --นักศึกษา --วิจัย,,,มหาวิทยาลัยมหาสารคาม,2563,pdf,https://khoon.msu.ac.th/_dir/fulltext/2025/08/Nantharat_Jampadang62.pdf,tha,มหาวิทยาลัยมหาสารคาม,,,,,
2,การพัฒนาคู่มือฝึกอบรมทรัพยากรธรรมชาติและสิ่งแวดล้อมอาเซียน,,,น้ำทิพย์ คำแร่,,,,,,,,,ทรัพยากรธรรมชาติ --ไทย --มหาสารคาม --วิจัย,สิ่งแวดล้อม --การฝึกอบรม --วิจัย,สิ่งแวดล้อม --ไทย --มหาสารคาม --วิจัย,,,มหาวิทยาลัยมหาสารคาม,2558,pdf,https://khoon.msu.ac.th/_dir/fulltext/2026/07/Namtip_Cumrae58.pdf,tha,มหาวิทยาลัยมหาสารคาม,ได้รับการสนับสนุนการวิจัย งบประมาณรายได้ ประจำปีงบประมาณ 2559 มหาวิทยาลัยมหาสารคาม,,,,
2,การศึกษาการใช้ฐานข้อมูลออนไลน์ของคณาจารย์มหาวิทยาลัยมหาสารคาม,The Study of the online databases using of the lecturers at Mahasarakham University,,น้ำลิน เทียมแก้ว,ศุจินันท์ กาศลุน,,,,,,,,อาจารย์มหาวิทยาลัย --วิจัย.,มหาวิทยาลัยมหาสารคาม --อาจารย์ --วิจัย,ฐานข้อมูลแบบออนไลน์ --ไทย --มหาสารคาม --วิจัย,,,มหาวิทยาลัยมหาสารคาม,2554,pdf,http://khoon.msu.ac.th/_dir/fulltext/fulltextman/full2/D7namlin5427/titlepage.pdf,tha,มหาวิทยาลัยมหาสารคาม,,,,,
2,"เซตปิดแบบ (T1,T2) วางนัยทั่วไปปรกติ","On regular generalized (T1,T2)-closed sets",,นิภาพร ชุติมันต์,ชวลิต บุญปก,สุพรรณี สมพงษ์,,,,,,,คณิตศาสตร์ --วิจัย,เซต --วิจัย,ทอพอโลยี --วิจัย,,,มหาวิทยาลัยมหาสารคาม,2567,pdf,https://khoon.msu.ac.th/_dir/fulltext/2026/02/Nipaporn_Chutiman67.pdf,tha,มหาวิทยาลัยมหาสารคาม,ได้รับการสนับสนุนการวิจัย งบประมาณเงินรายได้ ประจำปีงบประมาณ 2567 มหาวิทยาลัยมหาสารคาม,,,,
2,สัจพจน์การแยกกันได้บางอย่างในปริภูมิเชิงไบทอพอโลยี,,,นิภาพร ชุติมันต์,ชวลิต บุญปก,สุพรรณี สมพงษ์,,,,,,,ทฤษฎีเซตเชิงสัจพจน์ --วิจัย,ทอพอโลยี --วิจัย,ปริภูมิ --วิจัย,,,มหาวิทยาลัยมหาสารคาม,2567,pdf,https://khoon.msu.ac.th/_dir/fulltext/2026/02/nipaporn_chutiman2567.pdf,tha,มหาวิทยาลัยมหาสารคาม,ได้รับการสนับสนุนการวิจัย งบประมาณเงินรายได้ ประจำปีงบประมาณ 2567 มหาวิทยาลัยมหาสารคาม,,,,
2,การศึกษาภูมิปัญญาผ้าทอพื้นบ้านอีสาน,The study of E-san wisdom fabrics,,นิ่มนวล จันทรุญ,,,,,,,,,การทอผ้า --วิจัย,การทอผ้า --ไทย (ภาคตะวันออกเฉียงเหนือ) --วิจัย,ภูมิปัญญาชาวบ้าน --ไทย (ภาคตะวันออกเฉียงเหนือ) --วิจัย,,,มหาวิทยาลัยมหาสารคาม,2559,pdf,https://khoon.msu.ac.th/_dir/fulltext/2025/09/Nimnuan_Chantharun59.pdf,tha,มหาวิทยาลัยมหาสารคาม,ได้รับการสนับสนุนการวิจัย งบประมาณเงินรายได้ ประจำปีงบประมาณ 2559 มหาวิทยาลัยมหาสารคาม,,,,
2,การศึกษาภูมิปัญญาการทำน้ำด่างก่อหม้อคราม ,The wisdom of making alkaline water for make indigo,,นิ่มนวล จันทรุญ,อัจฉรี จันทมูล,,,,,,,,คราม --วิจัย,ด่าง --วิจัย,สีคราม --วิจัย,สีย้อมจากพืช --วิจัย,สีย้อมและการย้อมสี --วิจัย,มหาวิทยาลัยมหาสารคาม,2560,pdf,https://khoon.msu.ac.th/_dir/fulltext/2025/08/nimnuan_chantharun60.pdf,tha,มหาวิทยาลัยมหาสารคาม,ได้รับทุนอุดหนุนจากงบประมาณรายได้ 2560 มหาวิทยาลัยมหาสารคาม,,,,
2,ฤทธิ์ต้านการอักเสบและต้านอนุมูลอิสระของสารสกัดจากใบเพกาในเซลล์ไมโครเกลียที่ถูกกระตุ้นด้วยสารไลโพโพลิแซคคาไรด์ (โมเดลขบวนการอักเสบในสมองของโรคอัลไซเมอร์),Anti-inflammatory and anti-free radical effects of Oroxylum indicum leaf extract in activated microglia induced by lipopolysaccharide: model of neuroinflammation in Alzheimer's disease,,นุชนาถ ไหมหรือ,,,,,,,,,พืชสมุนไพร --การใช้รักษา --วิจัย,ไมโครเกลีย --วิจัย,โรคอัลไซเมอร์ --วิจัย,สมองอักเสบ --วิจัย,สารสกัดจากพืช --วิจัย,มหาวิทยาลัยมหาสารคาม,2567,pdf,https://khoon.msu.ac.th/_dir/fulltext/2026/02/Nootchanat_Mairuae67.pdf,tha,มหาวิทยาลัยมหาสารคาม,ได้รับการสนับสนุนการวิจัย งบประมาณเงินรายได้ ประจำปีงบประมาณ 2567 มหาวิทยาลัยมหาสารคาม,,,,
2,ผลของสารสกัดหยาบจากพืชชอบเค็ม หนามพุงดอ หนามแดง และขลู่ ต่อการปรับเปลี่ยนการทำงานของเซลล์แมโครฟาจ,"Effect of crude extracts from halophytes Azima sarmentosa, Maytenus mekongensis and Pluchea indica on human macrophage activity modulation",,นุชสุภา สุนทมาลา,นีรนุช แสนกล้า,,,,,,,,เคมีวิเคราะห์ --วิจัย,สารพฤกษเคมี --วิจัย,สารสกัดจากพืช --วิจัย,,,มหาวิทยาลัยมหาสารคาม,2564,pdf,https://khoon.msu.ac.th/_dir/fulltext/2025/09/Nuchsupa_Suntamala64.pdf,tha,มหาวิทยาลัยมหาสารคาม,ได้รับการสนับสนุนการวิจัยงบประมาณเงินรายได้ประจำปีงบประมาณ 2564 มหาวิทยาลัยมหาสารคาม,,,,
2,ศักยภาพของสารประกอบเคอร์คิวบิท[n]ยูริลและไซโคลเด็กซ์ทรินในการนำส่งยา,The potential of cucurbit[n]urils and cyclodextrins in drug delivery: A theoretical investigation,,บรรจบ วันโน,,,,,,,,,เคมีวิเคราะห์ --วิจัย,ไซโคลเดกซตริน --วิจัย,ตัวนำยา --วิจัย,ระบบนำส่งยา --วิจัย,สารประกอบเชิงซ้อน --วิจัย,มหาวิทยาลัยมหาสารคาม,2564,pdf,https://khoon.msu.ac.th/_dir/fulltext/2026/02/Banchob_Wanno64.pdf,tha,มหาวิทยาลัยมหาสารคาม,ได้รับการสนับสนุนการวิจัย งบประมาณรายได้ ประจำปีงบประมาณ 2564 มหาวิทยาลัยมหาสารคาม,,,,
2,ปัจจัยที่มีอิทธิพลต่อการทำงานต่ำระดับของประเทศไทย,The Influence factors for the underemployment in Thailand,,บังอร กุมพล,กัญญาวีณ์ สร้อยแก้ว,,,,,,,,การทำงานต่ำระดับ --วิจัย,การทำงานต่ำระดับ --ไทย --วิจัย,อุปทานแรงงาน --วิจัย,,,มหาวิทยาลัยมหาสารคาม,2561,pdf,https://khoon.msu.ac.th/_dir/fulltext/2025/07/Bungon_Kumphon62.pdf,tha,มหาวิทยาลัยมหาสารคาม,ได้รับการสนับสนุนการวิจัย งบประมาณรายได้ ประจำปีงบประมาณ 2562 มหาวิทยาลัยมหาสารคาม,,,,
2,การพัฒนาคู่มือฝึกอบรมทรัพยากรธรรมชาติและสิ่งแวดล้อมอาเซียน : ราชอาณาจักรกัมพูชา,,,บัญญัติ สาลี,อรทัย ผิวขาว,,,,,,,,ทรัพยากรธรรมชาติ --กัมพูชา --วิจัย,สิ่งแวดล้อม --การฝึกอบรม --วิจัย,สิ่งแวดล้อมศึกษา --กัมพูชา --วิจัย,,,มหาวิทยาลัยมหาสารคาม,2558,pdf,https://khoon.msu.ac.th/_dir/fulltext/2026/07/Banyat _Sali58.pdf,tha,มหาวิทยาลัยมหาสารคาม,ได้รับการสนับสนุนการวิจัย งบประมาณเงินรายได้ ประจำปีงบประมาณ 2559 มหาวิทยาลัยมหาสารคาม,,,,
2,ฤทธิ์ของติ้วขาวต่อการเจริญเติบโตและการตายของเซลล์มะเร็งปากมดลูก,,,เบญจพร บุราณรัตน์,,,,,,,,,ติ้วขาว --วิจัย,มะเร็ง --การรักษา --วิจัย,สมุนไพร --การใช้รักษา --วิจัย,สารสกัดจากพืช --วิจัย,,มหาวิทยาลัยมหาสารคาม,2565,pdf,https://khoon.msu.ac.th/_dir/fulltext/2025/09/Benjaporn_Buranrat65.pdf,tha,มหาวิทยาลัยมหาสารคาม,ได้รับการสนับสนุนการวิจัย งบประมาณเงินรายได้ ประจำปีงบประมาณ 2564 มหาวิทยาลัยมหาสารคาม,,,,
2,ไฟซีตินต่อการเจริญเติบโตและการตายของเซลล์มะเร็งเต้านมและเซลล์มะเร็งปากมดลูก,,,เบญจพร บุราณรัตน์,,,,,,,,,เซลล์มะเร็ง --การเคลื่อนไหวเอง --วิจัย,เต้านม --มะเร็ง --วิจัย,ปากมดลูก --มะเร็ง --วิจัย,ฟลาโวนอยส์ --วิจัย,,มหาวิทยาลัยมหาสารคาม,2565,pdf,https://khoon.msu.ac.th/_dir/fulltext/2025/09/Benjaporn65.pdf,tha,มหาวิทยาลัยมหาสารคาม,ได้รับการสนับสนุนการวิจัย งบประมาณเงินรายได้ ประจำปีงบประมาณ 2564 มหาวิทยาลัยมหาสารคาม,,,,
2,ฤทธิ์ของกระโดนต่อการตายของเซลล์มะเร็งปากมดลูกแบบอะพอพโตซิส,,,เบญจพร บุราณรัตน์,,,,,,,,,กระโดน --วิจัย,ปากมดลูก --มะเร็ง --วิจัย,พืชสมุนไพร --วิจัย,สารสกัดจากพืช --วิจัย,,มหาวิทยาลัยมหาสารคาม,2565,pdf,https://khoon.msu.ac.th/_dir/fulltext/2025/09/benjaporn buranrat.pdf,tha,มหาวิทยาลัยมหาสารคาม,ได้รับการสนับสนุนการวิจัย งบประมาณเงินรายได้ ประจำปีงบประมาณ 2564 มหาวิทยาลัยมหาสารคาม,,,,
2,การคำนวณค่าฟิเกอร์ออฟเมอริทของทรานซิสเตอร์อิเล็กตรอนเดี่ยว,Calculation figure of merit of single electron transistor,,ประธาน ศรีวิไล,เฉลิมวงศ์ ดอกประทุม,,,,,,,,ทรานซิสเตอร์ --วิจัย,ทฤษฎีควอนตัม --วิจัย,,,,มหาวิทยาลัยมหาสารคาม,2560,pdf,https://khoon.msu.ac.th/_dir/fulltext/2026/04/Prathan_Srivilai60.pdf,tha,มหาวิทยาลัยมหาสารคาม,ได้รับการสนับสนุนการวิจัยงบประมาณรายได้ ประจำปีงบประมาณ 2560 มหาวิทยาลัยมหาสารคาม,,,,
2,การพัฒนาฐานข้อมูลดรรชนีวารสาร สำนักวิทยบริการ มหาวิทยาลัยมหาสารคาม,The Development of periodical index database for Academic resource center at Mahasarakham University,,ประนอม นามษร,,,,,,,,,ระบบการจัดเก็บและค้นข้อสนเทศ --วิจัย,การทำดัชนี --วิจัย,ฐานข้อมูล --วิจัย,ดัชนี --ฐานข้อมูล --วิจัย,,มหาวิทยาลัยมหาสารคาม,2552,pdf,http://khoon.msu.ac.th/_dir/fulltext/fulltextman/full2/pranom5482/titlepage.pdf,tha,มหาวิทยาลัยมหาสารคาม,ได้รับการสนับสนุนการวิจัยงบประมาณแผ่นดิน ประจำปีงบประมาณ 2552 มหาวิทยาลัยมหาสารคาม,,,,
2,การสำรวจความต้องการและปัญหาการขอตำแหน่งทางวิชาการพนักงานสายวิชาการ มหาวิทยาลัยมหาสารคาม,,,ประภัสสร จรัสอรุณฉาย,,,,,,,,,อาจารย์มหาวิทยาลัย --การคัดเลือกและการแต่งตั้ง --วิจัย,อาจารย์มหาวิทยาลัย --การเลื่อนขั้น --วิจัย,อาจารย์มหาวิทยาลัย --ตำแหน่ง --วิจัย,,,มหาวิทยาลัยมหาสารคาม,2553,pdf,https://khoon.msu.ac.th/_dir/fulltext/2025/07/prapatsom_charatarunchy.pdf,tha,มหาวิทยาลัยมหาสารคาม,ได้รับการสนับสนุนการวิจัยจากงบประมาณเงินแผ่นดิน ประจำปีงบประมาณ 2552 มหาวิทยาลัยมหาสารคาม,,,,
2,ผลการจัดกิจกรรมการเรียนการสอนสิ่งแวดล้อมศึกษาแบบบูรณาการโดยใช้ชุมชนเป็นฐานและการเรียนรู้เชิงปฏิบัติการ,The Effect of integrated environmental education instructional activities by using community based learning and active learning,,ประยูร วงศ์จันทรา,วุฒิศักดิ์ บุญแน่น,สุภารัตน์ อ่อนก้อน,,,,,,,สิ่งแวดล้อม --วิจัย,สิ่งแวดล้อมศึกษา --การศึกษาและการสอน (อุดมศึกษา) --วิจัย,สิ่งแวดล้อมศึกษา --กิจกรรมการเรียนการสอน --วิจัย,,,มหาวิทยาลัยมหาสารคาม,2564,pdf,https://khoon.msu.ac.th/_dir/fulltext/2025/09/prayoon_wongchantra64.pdf,tha,มหาวิทยาลัยมหาสารคาม,ได้รับการสนับสนุนการวิจัย งบประมาณเงินรายได้ ประจำปีงบประมาณ 2564 มหาวิทยาลัยมหาสารคาม,,,,
2,ผลการพัฒนากิจกรรมการเรียนรู้สิ่งแวดล้อมศึกษาเพื่อการพัฒนาสิ่งแวดล้อมและอาชีวอนามัยในโรงเรียน,The effect of environmental education activities for the developing environment and occupational health in school,,ประยูร วงศ์จันทรา,วรวัตต์ ชาญวิรัตน์,วุฒิศักดิ์ บุญแน่น,,,,,,,สิ่งแวดล้อม --การศึกษาและการสอน (มัธยมศึกษา) --วิจัย,สิ่งแวดล้อมศึกษา --กิจกรรมการเรียนการสอน --วิจัย,อาชีวอนามัย --นักเรียน --วิจัย,,,มหาวิทยาลัยมหาสารคาม,2564,pdf,https://khoon.msu.ac.th/_dir/fulltext/2025/09/Prayoon 64.pdf,tha,มหาวิทยาลัยมหาสารคาม,ได้รับการสนับสนุนการวิจัย งบประมาณเงินรายได้ ประจำปีงบประมาณ 2564 มหาวิทยาลัยมหาสารคาม,,,,
2,การพัฒนาการจัดการด้านโครงสร้างพื้นฐาน พลังงาน ของเสีย น้ำ การขนส่ง และการศึกษา,"The effect of training course development of green university management in campus, energy, waste, water, transportation and education",,ประยูร วงศ์จันทรา,อาริยา วงษ์พิมพ์สร,,,,,,,,การจัดการสิ่งแวดล้อม --วิจัย,การฝึกอบรม --วิจัย,การพิทักษ์สิ่งแวดล้อม --การจัดการ --วิจัย,นักศึกษา --การฝึกอบรม --วิจัย,สิ่งแวดล้อมศึกษา --วิจัย,มหาวิทยาลัยมหาสารคาม,2564,pdf,https://khoon.msu.ac.th/_dir/fulltext/2025/09/Prayoon_Wongchantra64.pdf,tha,มหาวิทยาลัยมหาสารคาม,ได้รับการสนับสนุนการวิจัยงบประมาณเงินรายได้ ประจำปีงบประมาณ 2564 มหาวิทยาลัยมหาสารคาม,,,,
2,ผลการพัฒนากิจกรรมโรงเรียนรักษ์สิ่งแวดล้อมโดยใช้การทำงานเป็นทีมเป็นฐานการเรียนรู้สำหรับโรงเรียนสังกัดเทศบาลเมืองร้อยเอ็ด,"The Effects of environmental conservation school activities development using team work based learning (TWBL) for students of Mueng Roi-Et municipality schools, Thailand",,ประยูร วงศ์จันทรา,จักรกฤษณ์ ถินคำเชิด,วุฒิศักดิ์ บุญแน่น,,,,,,,สิ่งแวดล้อมในโรงเรียน --วิจัย,สิ่งแวดล้อมศึกษา --กิจกรรมการเรียนการสอน --วิจัย,สิ่งแวดล้อมศึกษา --วิจัย,,,มหาวิทยาลัยมหาสารคาม,2564,pdf,https://khoon.msu.ac.th/_dir/fulltext/2025/09/Prayoon_Wongchantra2564.pdf,tha,มหาวิทยาลัยมหาสารคาม,ได้รับการสนับสนุนการวิจัย งบประมาณเงินรายได้ ประจำปีงบประมาณ 2564 มหาวิทยาลัยมหาสารคาม,,,,
2,การพัฒนาหลักสูตรที่ส่งเสริมความเป็นประชาธิปไตยสำหรับนักเรียนชั้นมัธยมศึกษาปีที่ 4,Developing curriculum to promote democracy for mathayomsuksa 4 students,,ประสาท เนืองเฉลิม,ฐิติวรดา พลเยี่ยม,,,,,,,,การวางแผนหลักสูตร --วิจัย,การศึกษา --หลักสูตร --วิจัย,,,,มหาวิทยาลัยมหาสารคาม,2560,pdf,https://khoon.msu.ac.th/_dir/fulltext/2026/05/Prasart_Nuangchalerm60.pdf,tha,มหาวิทยาลัยมหาสารคาม,ได้รับการสนับสนุนการวิจัย งบประมาณเงินรายได้ ประจำปีงบประมาณ 2560 มหาวิทยาลัยมหาสารคาม,,,,
2,การศึกษาการแจกแจงความน่าจะเป็นสำหรับข้อมูลกรอบความคิด (Mindset data) ของนิสิตในมหาวิทยาลัยมหาสารคาม,The Study of probability distributions for the students' Mindset data in Mahasarakham University,,ประเสริฐ เรือนนะการ,,,,,,,,,ทัศนคติ --วิจัย,นักศึกษา --ทัศนคติ --วิจัย,มหาวิทยาลัยมหาสารคาม --นักศึกษา --วิจัย,,,มหาวิทยาลัยมหาสารคาม,2566,pdf,https://khoon.msu.ac.th/_dir/fulltext/2025/05/prasert.pdf,tha,มหาวิทยาลัยมหาสารคาม,ได้รับการสนับสนุนทุนวิจัยทุนอุดหนุนและส่งเสริมการวิจัยของอาจารย์/บุคลากรคณะศึกษาาศาสตร์,,,,
2,ปัจจัยเสี่ยงเมตาบอลิกสำหรับทำนายการเกิดโรคหัวใจและหลอดเลือดในผู้สูงอายุ,,,ปราโมทย์ ทองกระจาย,อริณรดา ลาดลา,,,,,,,,โรคหัวใจและหลอดเลือดในวัยสูงอายุ --วิจัย,ผู้สูงอายุ --โรค --วิจัย,เมทาบอลิกซินโดรม --วิจัย,ระบบหัวใจและหลอดเลือด --โรค --วิจัย,,มหาวิทยาลัยมหาสารคาม,2560,pdf,https://khoon.msu.ac.th/_dir/fulltext/2026/05/Pramote_Tongkrajai60.pdf,tha,มหาวิทยาลัยมหาสารคาม,ได้รับการสนับสนุนการวิจัย งบประมาณเงินรายได้ ประจำปีงบประมาณ 2560 มหาวิทยาลัยมหาสารคาม,,,,
2,ศึกษาความเป็นพิษเฉียบพลันของสารสกัดที่มีส่วนผสมของเหงือกปลาหมอ ทองพันชั่ง หัวร้อยรู ข้าวเย็นเหนือ และข้าวเย็นใต้ในหนูที่ถูกเหนี่ยวนำให้เป็นเบาหวาน,,,ปราโมทย์ ทองกระจาย,อนิรุตติ์ นามวงศ์,,,,,,,,พืชสมุนไพร --การใช้รักษา --วิจัย,สารสกัดจากพืช --พิษ --วิจัย,อนุมูลอิสระ --วิจัย,,,มหาวิทยาลัยมหาสารคาม,2563,pdf,https://khoon.msu.ac.th/_dir/fulltext/2026/05/Pramote_Tongkrajai63.pdf,tha,มหาวิทยาลัยมหาสารคาม,ได้รับการสนับสนุนการวิจัย งบประมาณรายได้ ประจำปีงบประมาณ 2563 มหาวิทยาลัยมหาสารคาม,,,,
2,ประสิทธิผลของการปฏิบัติสมาธิ SKT ต่อระดับฮีโมโกลบินเอวันซีในผู้ป่วยโรคเบาหวานชนิดที่ 2,,,ปราโมทย์ ทองกระจาย,ศรีบุษย์ ศรีไชยจรูญพง,,,,,,,,การรักษาด้วยธรรมชาติ --วิจัย,สมาธิ --การใช้รักษา --วิจัย,,,,มหาวิทยาลัยมหาสารคาม,2561,pdf,https://khoon.msu.ac.th/_dir/fulltext/2026/05/Pramote_Tongkrajai.pdf,tha,มหาวิทยาลัยมหาสารคาม,ได้รับการสนับสนุนการวิจัยงบประมาณรายได้ ประจำปีงบประมาณ 2560 มหาวิทยาลัยมหาสารคาม,,,,
2,แนวทางการสร้างแรงจูงใจในการพัฒนางานวิจัยของบุคลากรสายสนับสนุน สำนักศึกษาทั่วไป มหาวิทยาลัยมหาสารคาม,,,ปริญญ์ งามสุทธิ,,,,,,,,,การจูงใจ (จิตวิทยา) --วิจัย,บุคลากรทางการศึกษา --วิจัย,มหาวิทยาลัยมหาสารคาม --สำนักศึกษาทั่วไป --บุคลากร --วิจัย,,,มหาวิทยาลัยมหาสารคาม,2563,pdf,https://khoon.msu.ac.th/_dir/fulltext/2025/08/Parin_Nanmsutdi63.pdf,tha,มหาวิทยาลัยมหาสารคาม,,,,,
2,การพัฒนากระบวนการย่อยด้วยคลื่นความถี่สูงสำหรับการวิเคราะห์โลหะหนักบางชนิดในสาหร่ายทะเลกินได้,Development of ultrasound-assisted digestion procedure for analysis of some heavy metals in edible seaweeds,,ปริตา มาโยธา,วัสกา ศิริอังคาวุธ,,,,,,,,แคดเมียม --การวิเคราะห์ --วิจัย,ตะกั่ว --การวิเคราะห์ --วิจัย,สาหร่ายทะเล --ปริมาณโลหะหนัก --วิจัย,,,มหาวิทยาลัยมหาสารคาม,2564,pdf,https://khoon.msu.ac.th/_dir/fulltext/2025/07/parita_mayotha64.pdf,tha,มหาวิทยาลัยมหาสารคาม,ได้รับการสนับสนุนการวิจัยงบประมาณรายได้ ประจำปีงบประมาณ 2564 มหาวิทยาลัยมหาสารคาม,,,,
2,การพัฒนาบุคลากรตามความคิดเห็นของบุคลากรสังกัดมหาวิทยาลัยมหาสารคาม,,,ปวีณา รินไธสง,,,,,,,,,การบริหารงานบุคคล --ไทย --มหาสารคาม --วิจัย,การบริหารงานบุคคลในสถาบันอุดมศึกษา --วิจัย,มหาวิทยาลัยมหาสารคาม --การพัฒนาบุคลากร --วิจัย,,,มหาวิทยาลัยมหาสารคาม,2561,pdf,https://khoon.msu.ac.th/_dir/fulltext/2026/04/Paweena_Rinthaisong61.pdf,tha,มหาวิทยาลัยมหาสารคาม,ได้รับการสนับสนุนการวิจัยงบประมาณเงินรายได้ ประจำปีงบประมาณ 2560 มหาวิทยาลัยมหาสารคาม,,,,
2,การสังเคราะห์และการศึกษาลักษณะเฉพาะของ ZnO แบบทรงกลมกลวงเจือด้วย Fe3+ เพื่อการประยุกต์ใช้ในปฏิกิริยาโฟโตคะตะไลซิส,Synthesis and characterization of Fe3+ doped ZnO hollow spheres for photocatalytic application,,ปวีณา เหลากูล,วิชุดา หล้าโฉม,,,,,,,,การเร่งปฏิกิริยาด้วยแสง --การวิเคราะห์ --วิจัย,ตัวเร่งปฏิกิริยา --วิจัย,สังกะสีออกไซด์ --การสังเคราะห์ --วิจัย,,,มหาวิทยาลัยมหาสารคาม,2562,pdf,https://khoon.msu.ac.th/_dir/fulltext/2025/08/paveena_laokut.pdf,tha,มหาวิทยาลัยมหาสารคาม,ได้รับการสนับสนุนการวิจัยงบประมาณรายได้ประจำปีงบประมาณ 2562 มหาวิทยาลัยมหาสารคาม,,,,
2,ผลงานเชิงวิเคราะห์ความคาดหวังและความพึงพอใจของคณาจารย์ที่มีต่อการให้บริการสื่อโสตทัศนูปกรณ์ คณะวิศวกรรมศาสตร์ มหาวิทยาลัยมหาสารคาม,,,ปัญญา จีระฉัตร,,,,,,,,,ความคาดหวัง --วิจัย,ความพอใจของผู้ใช้บริการ --วิจัย,บริการโสตทัศนวัสดุ --ความพอใจของผู้ใช้บริการ --วิจัย,มหาวิทยาลัยมหาสารคาม --คณะวิศวกรรมศาสตร์ --อาจารย์ --วิจัย,,มหาวิทยาลัยมหาสารคาม,2568,pdf,https://khoon.msu.ac.th/_dir/fulltext/2025/11/Panya_Jirachat68.pdf,tha,มหาวิทยาลัยมหาสารคาม,,,,,
5,คู่มือปฏิบัติงานระบบบริหารจัดการภาระงานนักวิชาการโสตทัศนศึกษาแบบดิจิทัล,Digital workload management system DWMS,,ปัญญา จีระฉัตร,,,,,,,,,โสตทัศนศึกษา --คู่มือ,โสตทัศนศึกษา --เครื่องมือและอุปกรณ์ --คู่มือ,มหาวิทยาลัยมหาสารคาม --คณะวิศวกรรมศาสตร์ --คู่มือ,,,คณะวิศวกรรมศาสตร์ มหาวิทยาลัยมหาสารคาม,2569,pdf,https://khoon.msu.ac.th/_dir/fulltext/2026/01/panya69.pdf,tha,มหาวิทยาลัยมหาสารคาม,,,,,
5,คู่มือการปฏิบัติงานการให้บริการสื่อการเรียนการสอนโสตทัศนูปกรณ์ คณะวิศวกรรมศาสตร์ มหาวิทยาลัยมหาสารคาม,,,ปัญญา จีระฉัตร,,,,,,,,,เทคโนโลยีทางการศึกษา --คู่มือ,บริการโสตทัศนวัสดุ --คู่มือ,สื่อการสอน --คู่มือ,โสตทัศนูปกรณ์ --คู่มือ,มหาวิทยาลัยมหาสารคาม --คณะวิศวกรรมศาสตร์  --คู่มือ,มหาวิทยาลัยมหาสารคาม,2567,pdf,https://khoon.msu.ac.th/_dir/fulltext/2025/10/Panya_Jirachat67.pdf,tha,มหาวิทยาลัยมหาสารคาม,,,,,
2,การดูดซับสีเมทิลีนบลูจากสารละลายโดยใช้ถ่านกัมมันต์เชิงแม่เหล็ก,Adsorption of methylene blue dye from aqueous using magnetic activated carbon,,ปานใจ สื่อประเสริฐสิทธิ์,ธัญญารัตน์ แก้วพิทูลย์,ราตรี ฝาชัยภูมิ,,,,,,,การดูดซับ --วิจัย,คาร์บอนกัมมันต์ --วิจัย,เมทิลีนบลู --การดูดซึมและการดูดซับ --วิจัย,สารละลาย (เคมี) --วิจัย,,มหาวิทยาลัยมหาสารคาม,2563,pdf,https://khoon.msu.ac.th/_dir/fulltext/2026/07/Parnjai_Seuprasertsith63.pdf,tha,มหาวิทยาลัยมหาสารคาม,ได้รับการสนับสนุนการวิจัย ประจำปีงบประมาณ 2563 มหาวิทยาลัยมหาสารคาม,,,,
2,การศึกษาการใช้บริการศูนย์การเรียนรู้ Digital Learning Park สำนักวิทยบริการ มหาวิทยาลัยมหาสารคาม,,,ปาริชาติ รัตนปกรณ์,,,,,,,,,โสตทัศนวัสดุ --ไทย --มหาสารคาม --วิจัย,ห้องสมุดและบริการของห้องสมุด --ไทย --มหาสารคาม --วิจัย,ห้องสมุดสถาบันอุดมศึกษา --ไทย --มหาสารคาม --วิจัย,มหาวิทยาลัยมหาสารคาม --สำนักวิทยบริการ --วิจัย,ศูนย์การเรียนรู้ Digital Learning Park --วิจัย,มหาวิทยาลัยมหาสารคาม,2563,pdf,http://khoon.msu.ac.th/_dir/fulltext/2021/09/parichat_2563.pdf,tha,มหาวิทยาลัยมหาสารคาม,,,,,
2,ระบบตรวจสอบครุภัณฑ์ออนไลน์ด้วยเทคโนโลยีคิวอาร์โค้ด,Asset online monitoring system by using QR code technology,,ปิยะพงษ์ มูลศรีแก้ว,พีชณัฐ ชาติเสริมศักดิ์,สุกัญญา สิตวัน,,,,,,,ระบบการจัดเก็บและค้นคืนสารสนเทศ --ครุภัณฑ์และอุปกรณ์ --วิจัย,การตรวจสอบการจัดการ --ครุภัณฑ์และอุปกรณ์ --วิจัย,คิวอาร์โคด --วิจัย,นวัตกรรมทางเทคโนโลยี --ครุภัณฑ์และอุปกรณ์ --วิจัย,มหาวิทยาลัยมหาสารคาม --ครุภัณฑ์และอุปกรณ์ --วิจัย,มหาวิทยาลัยมหาสารคาม,2560,pdf,https://khoon.msu.ac.th/_dir/fulltext/2025/08/Piyapong_Munsrikaew60.pdf,tha,มหาวิทยาลัยมหาสารคาม,ได้รับการสนับสนุนการวิจัย งบประมาณเงินรายได้ ประจำปีงบประมาณ 2560 มหาวิทยาลัยมหาสารคาม,,,,
2,ความหลากชนิดและโครโมโซมของพืชวงศ์ลีลาวดีในจังหวัดมหาสารคาม,Species diversity and chromosome of family apocynaceae in Mahasarakham province,,ปิยะพร แสนสุข,สุรพล แสนสุข,,,,,,,,พืชวงศ์ตีนเป็ด --วิจัย,ลีลาวดี (พืช) --วิจัย,คาริโอไทป์ --วิจัย,โครโมโซมพืช --วิจัย,,มหาวิทยาลัยมหาสารคาม,2563,pdf,https://khoon.msu.ac.th/_dir/fulltext/2026/07/Piyaporn_Sansuk63.pdf,tha,มหาวิทยาลัยมหาสารคาม,ได้รับการสนับสนุนการวิจัย ประจำปีงบประมาณ 2563 มหาวิทยาลัยมหาสารคาม,,,,
2,การพัฒนาการดำเนินงานจัดหาหนังสือภาษาอังกฤษของสำนักวิทยบริการมหาวิทยาลัยมหาสารคาม,Development of the procurement process books in English,,ผกานุช เหล่าพิเดช,,,,,,,,,การจัดหาทรัพยากรห้องสมุด --วิจัย,มหาวิทยาลัยมหาสารคาม --สำนักวิทยบริการ --วิจัย,,,, สำนักวิทยบริการ มหาวิทยาลัยมหาสารคาม,2553,pdf,http://khoon.msu.ac.th/_dir/fulltext/fulltextman/full2/phakanuch4322/titlepage.pdf,tha,มหาวิทยาลัยมหาสารคาม,โครงการวิจัยนี้ได้รับการสนับสนุนการวิจัยจากงบประมาณเงินรายได้ ประจำปีงบประมาณ พศ 2553,,,,
5,คู่มือปฏิบัติงานพัสดุ,,,พรทิพย์ พันธุมชัย,,,,,,,,,พัสดุ --กฎหมายและระเบียบข้อบังคับ,,,,,มหาวิทยาลัยมหาสารคาม,2549,pdf,http://khoon.msu.ac.th/_dir/fulltext/full130/porntip12966/titlepage.pdf,tha,มหาวิทยาลัยมหาสารคาม,,,,,
2,ปัจจัยการออกแบบสภาพแวดล้อมที่อยู่อาศัยเชิงจิตวิญญาณสำหรับผู้สูงอายุไทย,The factors of environmental living design for elderly well-being inThai spiritual environments,,พรทิพย์ เรืองธรรม,,,,,,,,,การตกแต่งภายใน --วิจัย,ที่อยู่อาศัย --การออกแบบและการสร้าง --วิจัย,ภูมิสถาปัตยกรรมสำหรับผู้สูงอายุ --วิจัย,สถาปัตยกรรมที่อยู่อาศัยสำหรับผู้สูงอายุ --วิจัย,,มหาวิทยาลัยมหาสารคาม,2564,pdf,https://khoon.msu.ac.th/_dir/fulltext/2026/02/Porntip_Ruangtham64.pdf,tha,มหาวิทยาลัยมหาสารคาม,ได้รับการสนับสนุนการวิจัย งบประมาณรายได้ ประจำปีงบประมาณ 2564 มหาวิทยาลัยมหาสารคาม,,,,
2,การชักนำให้เกิดแคลลัสและการพัฒนาให้เป็นต้นจากการเพาะเลี้ยงเนื้อเยื่อกระเจี๊ยบแดง (Hibiscus sabdariffa L.) เพื่อสร้างความผันแปรทางพันธุกรรม,Callus induction and plant regeneration of Roselle (Hibiscus sabdariffa L.) from tissue culture to create somaclonal variation,,พรทิพย์ อติชาติ,,,,,,,,,กระเจี๊ยบ --วิจัย,การเพาะเลี้ยงเนื้อเยื่อพืช --วิจัย,แคลลัส (พฤกษศาสตร์) --วิจัย,,,มหาวิทยาลัยมหาสารคาม,2564,pdf,https://khoon.msu.ac.th/_dir/fulltext/2026/02/Porntip_Atichat64.pdf,tha,มหาวิทยาลัยมหาสารคาม,ได้รับการสนับสนุนการวิจัย งบประมาณรายได้ ประจำปีงบประมาณ 2564 มหาวิทยาลัยมหาสารคาม,,,,
5,คู่มือปฏิบัติงานและการดำเนินงานของศูนย์สารนิเทศอีสานสิรินธร,,,พรพิมล มโนชัย,,,,,,,,,ห้องสมุด --การบริหาร --คู่มือ,ศูนย์สารนิเทศอีสานสิรินธร --การบริหาร --คู่มือ,,,,มหาวิทยาลัยมหาสารคาม,2543,pdf,http://khoon.msu.ac.th/_dir/fulltext/fulltextman/fulltext2/full4/pornpimon11878/titlepage.pdf,tha,มหาวิทยาลัยมหาสารคาม,,,,,
2,การวิเคราะห์เอกสารอีสาน,,,พรพิมล มโนชัย,,,,,,,,,การวิเคราะห์หนังสือ --วิจัย,ศูนย์สารนิเทศอีสานสิรินธร --วิจัย,,,,มหาวิทยาลัยมหาสารคาม,2541,pdf,http://khoon.msu.ac.th/_dir/fulltext/full103/pornpimol9841/titlepage.pdf,tha,มหาวิทยาลัยมหาสารคาม,,,,,
2,แบบจำลองการส่งผ่านสปินในโครงสร้างวัสดุสองชั้นที่พิจารณาผลของการแพร่บริเวณรอยต่อ,,,พรรณวดี จุรีมาศ,เจษฎา จุรีมาศ,ชนิตา บุตรรัตนะ,,,,,,,กระแสไฟฟ้า --วิจัย,แม่เหล็ก --วิจัย,แม่เหล็กไฟฟ้า --วิจัย,วัสดุแม่เหล็ก --วิจัย,สปินทรอนิกส์ --วิจัย,มหาวิทยาลัยมหาสารคาม,2559,pdf,https://khoon.msu.ac.th/_dir/fulltext/2026/02/Chanita_Butrattana59.pdf,tha,มหาวิทยาลัยมหาสารคาม,ได้รับการสนับสนุนการวิจัย งบประมาณเงินรายได้ ประจำปีงบประมาณ 2559 มหาวิทยาลัยมหาสารคาม,,,,
2,การพัฒนาการจัดเก็บข้อมูลตัวชี้วัดเพื่อการจัดอันดับมหาวิทยาลัยของ Time higher education,Data collection development for time higher education rankings,,พรรณวรท เดชชัย,ศิเรมอร ประทุมทิพย์,,,,,,,,การพัฒนาการศึกษา --วิจัย,สถาบันอุดมศึกษา --การจัดอันดับ --วิจัย,สถาบันอุดมศึกษา --การบริหาร --วิจัย,,,มหาวิทยาลัยมหาสารคาม,2561,pdf,https://khoon.msu.ac.th/_dir/fulltext/2026/04/Phanwarat_Dechchai61.pdf,tha,มหาวิทยาลัยมหาสารคาม,ได้รับการสนับสนุนการวิจัยงบประมาณเงินรายได้ ประจำปีงบประมาณ 2561 มหาวิทยาลัยมหาสารคาม,,,,
2,การสังเคราะห์เอทิลีนจากเอทานอลด้วยตัวเร่งปฏิกิริยา Zn/HZSM-5 Mo/HZSM-5 Fe/HZSM-5 และ Ag/HZSM-5,,,พลกฤษณ์ จิตร์โต,ปัณณพร ปิณฑวิรุจน์,,,,,,,,ตัวเร่งปฏิกิริยา --วิจัย,เอทานอล --วิจัย,เอทิลีน --วิจัย,,,มหาวิทยาลัยมหาสารคาม,2560,pdf,https://khoon.msu.ac.th/_dir/fulltext/2026/04/Ponlakit_Jitto60.pdf,tha,มหาวิทยาลัยมหาสารคาม,ได้รับการสนับสนุนการวิจัยงบประมาณเงินรายได้ ประจำปีงบประมาณ 2558 มหาวิทยาลัยมหาสารคาม,,,,
2,กลยุทธ์การทำงานเป็นทีมส่งผลต่อความผูกพันองค์กรของพนักงานสายสนับสนุนของมหาวิทยาลัยมหาสารคาม,Strategic teamwork affect the binding corporate of support staff university of Mahasarakham University,,พัชรา ขวัญเมือง,สุกัญญา งามชมภู,,,,,,,,การทำงานเป็นทีม --วิจัย,ความสัมพันธ์ระหว่างองค์การ --วิจัย,มหาวิทยาลัยมหาสารคาม --พนักงาน --วิจัย,,,มหาวิทยาลัยมหาสารคาม,2558,pdf,https://khoon.msu.ac.th/_dir/fulltext/2026/04/Patchara_Khanmuang58.pdf,tha,มหาวิทยาลัยมหาสารคาม,ได้รับการสนับสนุนการวิจัยงบประมาณรายได้ ประจำปีงบประมาณ 2558 มหาวิทยาลัยมหาสารคาม,,,,
2,วิธีการวิศวกรรมการแทนข้อมูลด้วยคุณลักษณะใหม่สำหรับการจำแนกประเภทแบบหลายเลเบลโดยใช้การเข้ารหัสคุณลักษณะและซอฟต์ลอส,A New feature engineering approach for multi-label classification using feature encoding and soft-loss,,พัฒนพงษ์ ชมภูวิเศษ,วรวิทย์ สังฆทิพย์,,,,,,,,การจัดหมวดหมู่อัตโนมัติ --วิจัย,การเรียนรู้ของเครื่อง --วิจัย,เหมืองข้อมูล --วิจัย,อัลกอริทึม --วิจัย,,มหาวิทยาลัยมหาสารคาม,2565,pdf,https://khoon.msu.ac.th/_dir/fulltext/2025/07/Phatthanapong_Chomphuwiset65.pdf,tha,มหาวิทยาลัยมหาสารคาม,ได้รับการสนับสนุนการวิจัยงบประมาณเงินรายได้ ประจำปีงบประมาณ 2565 มหาวิทยาลัยมหาสารคาม,,,,
2,การประเมินคุณลักษณะของมะเขือเทศเชอรี่สายพันธุ์ใหม่,Evaluate characteristics of new cherry tomato varieties,,พัฒนา ภาสอน,,,,,,,,,การปรับปรุงพันธุ์พืช --วิจัย,มะเขือเทศ --การปรับปรุงพันธุ์ --วิจัย,มะเขือเทศ --การปลูก --วิจัย,มะเขือเทศเชอรี่ --การปรับปรุงพันธุ์ --วิจัย,มะเขือเทศเชอรี่ --การปลูก --วิจัย,มหาวิทยาลัยมหาสารคาม,2560,pdf,https://khoon.msu.ac.th/_dir/fulltext/2025/08/Pattana_Pason60.pdf,tha,มหาวิทยาลัยมหาสารคาม,ได้รับการสนับสนุนการวิจัย ประจำปีงบประมาณ 2560 สถาบันวิจัยรุกขเวช มหาวิทยาลัยมหาสารคาม,,,,
2,การวิเคราะห์ต้นทุนคลินิกทันตกรรมโรงพยาบาลสุทธาเวช คณะแพทยศาสตร์ มหาวิทยาลัยมหาสารคาม,,,พิชัย งามวิริยะพงศ์,,,,,,,,,การเงิน --วิจัย,ต้นทุนและประสิทธิผล --วิจัย,โรงพยาบาลสุทธาเวช --งานทันตกรรม --ค่าใช้จ่ายในการดำเนินงาน --วิจัย,,,งานทันตกรรม โรงพยาบาลสุทธาเวช คณะแพทยศาสตร์ มหาวิทยาลัยมหาสารคาม,2564,pdf,https://khoon.msu.ac.th/_dir/fulltext/2025/08/Pichai_Ngamwiriyaphong64.pdf,tha,มหาวิทยาลัยมหาสารคาม,,,,,
2,ปัจจัยที่ส่งผลต่อการดำเนินงานตามคำรับรองการปฏิบัติราชการ (กพร.) ของคณะ/หน่วยงานในมหาวิทยาลัยมหาสารคาม,"Factors influence operation according to the certification of official performance of faculty of veterinary sciences, Mahasarakham University",,เพ็ญพิชญา บรรหาร,,,,,,,,,การบริหารรัฐกิจ --วิจัย,ระบบราชการ --วิจัย,มหาวิทยาลัยมหาสารคาม --การบริหาร --วิจัย,,,มหาวิทยาลัยมหาสารคาม,2567,pdf,https://khoon.msu.ac.th/_dir/fulltext/2025/09/Penpichaya_Banharn67.pdf,tha,มหาวิทยาลัยมหาสารคาม,ได้รับการสนับสนุนการวิจัย งบประมาณเงินรายได้ ประจำปีงบประมาณ 2567 มหาวิทยาลัยมหาสารคาม,,,,
2,การพัฒนาแนวทางการดำเนินงานประกันคุณภาพการศึกษาภายในระดับหลักสูตรของคณะศึกษาศาสตร์ มหาวิทยาลัยมหาสารคาม,รายงานการวิจัยเรื่องการพัฒนาแนวทางการดำเนินงานประกันคุณภาพการศึกษาภายในระดับหลักสูตรของคณะศึกษาศาสตร์ มหาวิทยาลัยมหาสารคาม,,เพ็ญสิริ วังหน้า,,,,,,,,,ประกันคุณภาพการศึกษาระดับอุดมศึกษา --วิจัย,มหาวิทยาลัยมหาสารคาม --คณะศึกษาศาสตร์ --วิจัย,,,,คณะศึกษาศาสตร์ มหาวิทยาลัยมหาสารคาม,2561,pdf,https://khoon.msu.ac.th/_dir/fulltext/2025/09/Pensiri_Wangna62.pdf,tha,มหาวิทยาลัยมหาสารคาม,ได้รับทุนสรับสนุนจากงบประมาณเงินรายได้ คณะศึกษาศาสตร์ มหาวิทยาลัยมหาสารคาม ประจำปีงบประมาณ 2561,,,,
2,ปัจจัยที่มีอิทธิพลต่อผลสัมฤทธิ์ทางการเรียนวิชาคณิตศาสตร์สำหรับวิทยาศาสตร์ 1 ของนิสิตมหาวิทยาลัยมหาสารคาม,,,ไพทูรย์ มุลิวัลย์,รัตน์ดาพร ปัจฉิมมา,,,,,,,,คณิตศาสตร์ --การศึกษาและการสอน (อุดมศึกษา) --วิจัย,ผลสัมฤทธิ์ทางการเรียน --คณิตศาสตร์ --วิจัย,,,,มหาวิทยาลัยมหาสารคาม,2552,pdf,https://khoon.msu.ac.th/_dir/fulltext/2025/10/Paitoon_Muliwan52.pdf,tha,มหาวิทยาลัยมหาสารคาม,ได้รับการสนับสนุนการวิจัยงบประมาณแผ่นดิน ประจำปี 2552 มหาวิทยาลัยมหาสารคาม,,,,
2,เครื่องหมายพันธุกรรมระดับโมเลกุลจากยีนที่วิวัฒนาการรวดเร็วสำหรับการระบุชนิดของแมลงริ้นดำในประเทศไทย,,,ไพโรจน์ ประมวล,คมกริช วงศ์ภาคำ,,,,,,,,พันธุศาสตร์สัตว์ --วิจัย,ริ้น --การเกิดชนิดพันธุ์ใหม่ --วิจัย,ริ้น --พันธุศาสตร์ --วิจัย,,,มหาวิทยาลัยมหาสารคาม,2565,pdf,https://khoon.msu.ac.th/_dir/fulltext/2026/03/Pairot_Pramual65.pdf,tha,มหาวิทยาลัยมหาสารคาม,ได้รับการสนับสนุนการวิจัย งบประมาณรายได้ ประจำปีงบประมาณ 2565 มหาวิทยาลัยมหาสารคาม,,,,
2,การประเมินการปนเปื้อนไมโครพลาสติกในบริเวณน้ำผิวหน้าและดินตะกอน : กรณีศึกษาจากบริเวณอ่างเก็บน้ำเขื่อนอุบลรัตน์,Assessment on microplastics contamination in surface water and sediment: a case study of the ubolratana reservoir,,ภัททิรา เกษมศิริ,วิภาวี ไทเมืองพล,,,,,,,,ดิน --การวิเคราะห์ --วิจัย,มลพิษทางน้ำ --วิจัย,มลพิษในดิน --วิจัย,ไมโครพลาสติก --การปนเปื้อน --วิจัย,,มหาวิทยาลัยมหาสารคาม,2564,pdf,https://khoon.msu.ac.th/_dir/fulltext/2026/02/Pattira_Kasemsiri64.pdf,tha,มหาวิทยาลัยมหาสารคาม,ได้รับการสนับสนุนการวิจัย งบประมาณรายได้ ประจำปีงบประมาณ 2564 มหาวิทยาลัยมหาสารคาม,,,,
2,การออกแบบการเล่าเรื่องโดยใช้แนวคิดสตอร์ไลน์สำหรับภาพยนตร์สั้น ค่านิยม 12 ประการผ่านวิถีชีวิตชุมชน,,,ภาคิณ ศรีมุลตรี,เนติรัฐ วีระนาคินทร์,,,,,,,,การเขียนบทภาพยนตร์ --วิจัย,การสอนแบบสตอรีไลน์ --วิจัย,ภาพยนตร์สั้น --วิจัย,,,มหาวิทยาลัยมหาสารคาม,2560,pdf,https://khoon.msu.ac.th/_dir/fulltext/2025/11/Pakin_Srimultri60.pdf,tha,มหาวิทยาลัยมหาสารคาม,ได้รับการสนับสนุนการวิจัย งบประมาณเงินรายได้ ประจำปีงบประมาณ 2560 มหาวิทยาลัยมหาสารคาม,,,,
2,แรงจูงใจในการตัดสินใจเข้าศึกษาในระดับปริญญาตรี ประจำปีการศึกษา 2561 มหาวิทยาลัยมหาสารคาม (TCAS 61),,,ภาณุวัฒน์ สว่างแสง,,,,,,,,,การจูงใจ (จิตวิทยา) --วิจัย,การจูงใจในการศึกษา --วิจัย,นักศึกษา --การศึกษาต่อ --วิจัย,มหาวิทยาลัยมหาสารคาม --นักศึกษา --วิจัย,,มหาวิทยาลัยมหาสารคาม,2562,pdf,https://khoon.msu.ac.th/_dir/fulltext/2026/05/Panuwat_Sawangsaeng62.pdf,tha,มหาวิทยาลัยมหาสารคาม,ได้รับการสนับสนุนการวิจัย งบประมาณเงินรายได้ ประจำปีงบประมาณ 2562 มหาวิทยาลัยมหาสารคาม,,,,
2,แรงจูงใจในการตัดสินใจเข้าศึกษาในระดับปริญญาตรี มหาวิทยาลัยมหาสารคาม ประจำปีการศึกษา 2562 (TCAS 62),,,ภาณุวัฒน์ สว่างแสง,,,,,,,,,การจูงใจ (จิตวิทยา) --วิจัย,การจูงใจในการศึกษา --วิจัย,,,,มหาวิทยาลัยมหาสารคาม,2563,pdf,https://khoon.msu.ac.th/_dir/fulltext/2025/08/panuwat_pawangsaeng.pdf,tha,มหาวิทยาลัยมหาสารคาม,ได้รับการสนับสนุนการวิจัย งบประมาณเงินรายได้ ประจำปีงบประมาณ 2563 มหาวิทยาลัยมหาสารคาม,,,,
2,ปัจจัยที่มีผลในการตัดสินใจเลือกประกอบอาชีพของนิสิตในระดับปริญญาตรี มหาวิทยาลัยมหาสารคาม ประจำปีการศึกษา 2561,,,ภาณุวัฒน์ สว่างแสง,,,,,,,,,การตัดสินใจ --วิจัย,ความสนใจทางอาชีพ --วิจัย,,,,มหาวิทยาลัยมหาสารคาม,2561,pdf,https://khoon.msu.ac.th/_dir/fulltext/2026/04/Panuwat_Sawangsaeng61.pdf,tha,มหาวิทยาลัยมหาสารคาม,ได้รับการสนับสนุนการวิจัยงบประมาณรายได้ ประจำปีงบประมาณ 2561 มหาวิทยาลัยมหาสารคาม,,,,
2,การจัดเก็บกฤตภาคศิลปวัฒนธรรมอีสาน ในรูปแบบฐานข้อมูล Online กรณีศึกษางานนสารสนเทศ สถาบันวิจัยศิลปะและวัฒนธรรมอีสาน มหาวิทยาลัยมหาสารคาม,,,ภานุ พรมเทศ,,,,,,,,,กฤตภาค --วิจัย,ระบบการจัดเก็บและค้นข้อสนเทศ --วิจัย,,,,มหาวิทยาลัยมหาสารคาม,2558,pdf,https://khoon.msu.ac.th/_dir/fulltext/2025/09/Phanu_Promtate58.pdf,tha,มหาวิทยาลัยมหาสารคาม,ได้รับการสนับสนุนการวิจัย งบประมาณเงินรายได้ ประจำปีงบประมาณ 2558 มหาวิทยาลัยมหาสารคาม,,,,
2,โครงการการพัฒนาระบบการปลูกหม่อนเพื่อส่งเสริมอาชีพการเลี้ยงไหมสำหรับชุมชนในจังหวัดมหาสารคาม,The development of mulberry trees to feed silkworms for the community to promote careers in Mahasarakham,,ภานุวรรณ จันหาญ,รัชนี นามมาตย์,อำภา คนซื่อ,,,,,,,หม่อน --การปลูก --วิจัย,หม่อน --วิจัย,,,,มหาวิทยาลัยมหาสารคาม,2561,pdf,https://khoon.msu.ac.th/_dir/fulltext/2026/03/Phanuwan_Chanhan61.pdf,tha,มหาวิทยาลัยมหาสารคาม,ได้รับการสนับสนุนการวิจัย งบประมาณแผ่นดิน (วช) ประจำปีงบประมาณ 2561 มหาวิทยาลัยมหาสารคาม,,,,
2,การศึกษาสมบัติที่เกี่ยวข้องกับการส่งแบบหดบนปริภูมิอิงระยะทางและปริภูมิอิงระยะทางทั่วไป,Some related properties of contractive mappings in metric spaces and generalized metric spaces,,ภิญญา อาจสาลี,,,,,,,,,ทฤษฎีจุดตรึง --วิจัย,ปริภูมิ --วิจัย,เรขาคณิตเชิงอนุพันธ์ --วิจัย,,,มหาวิทยาลัยมหาสารคาม,2567,pdf,https://khoon.msu.ac.th/_dir/fulltext/2025/07/Pinya_Ardsalee67.pdf,tha,มหาวิทยาลัยมหาสารคาม,ได้รับการสนับสนุนการวิจัยงบประมาณรายได้ ประจำปี 2564 มหาวิทยาลัยมหาสารคาม,,,,
2,การศึกษาทฤษฎีจุดตรึงเกี่ยวกับการส่งแบบหด F บนปริภูมิอิงระยะทางบริบูรณ์และปริภูมิอิงระยะทางทั่วไปบริบูรณ์,The studies of some fixed point theorems about F-contraction mappings on complete metric and generalized complete metric spaces,,ภิญญา อาจสาลี,สาธิต แซ่จึง,,,,,,,,ทฤษฎีจุดตรึง --วิจัย,คณิตศาสตร์ --วิจัย,ปริภูมิ --วิจัย,,,มหาวิทยาลัยมหาสารคาม,2565,pdf,https://khoon.msu.ac.th/_dir/fulltext/2026/06/Pinya_Ardsalee65.pdf,tha,มหาวิทยาลัยมหาสารคาม,ได้รับการสนับสนุนการวิจัย งบประมาณเงินรายได้ ประจำปีงบประมาณ 2563 มหาวิทยาลัยมหาสารคาม,,,,
2,การประเมินความสามารถของต้นไม้ในการดักจับอนุภาคขนาดเล็กและบ่งชี้มลพิษอากาศในอาคาร,Assessment of the ability of houseplants to trap particles and to indicate the indoor air quality,,มณีรัตน์ องค์วรรณดี,ธนากร รัตนพันธุ์,,,,,,,,ต้นไม้ --วิจัย,มลพิษทางอากาศในอาคาร --วิจัย,วิศวกรรมสิ่งแวดล้อม --วิจัย,อนุภาค --แง่สิ่งแวดล้อม --วิจัย,,มหาวิทยาลัยมหาสารคาม,2560,pdf,https://khoon.msu.ac.th/_dir/fulltext/2026/05/Maneerat_Aongwandee60.pdf,tha,มหาวิทยาลัยมหาสารคาม,ได้รับการสนับสนุนการวิจัย งบประมาณเงินรายได้ ประจำปีงบประมาณ 2560 มหาวิทยาลัยมหาสารคาม,,,,
2,"เซตปิดแบบ $\mathscr{C}$-A(T1,T2) ในปริภูมิเชิงไบทอโลยี","$\mathscr{C}$-A(T1,T2) -closed sets in bitopological spaces",,มนชยา เจียงประดิษฐ์,ชวลิต บุญปก,สุพรรณี สมพงษ์,,,,,,,เซต --วิจัย,ทฤษฎีเซต --วิจัย,ทอพอโลยี --วิจัย,ปริภูมิ --วิจัย,,มหาวิทยาลัยมหาสารคาม,2567,pdf,https://khoon.msu.ac.th/_dir/fulltext/2026/02/monchaya_chiangpradit2567.pdf,tha,มหาวิทยาลัยมหาสารคาม,ได้รับการสนับสนุนการวิจัย งบประมาณรายได้ ประจำปีงบประมาณ 2567 มหาวิทยาลัยมหาสารคาม,,,,
2,"เซตแบบ A(T1,T2) และปริภูมิเชิงทอพอโลยีที่สัมพันธ์กัน","A(T1,T2)-sets and related topological spaces",,มนชยา เจียงประดิษฐ์,ชวลิต บุญปก,สุพรรณี สมพงษ์,,,,,,,เซต --วิจัย,ทฤษฎีเซต --วิจัย,ทอพอโลยี --วิจัย,ปริภูมิ --วิจัย,,มหาวิทยาลัยมหาสารคาม,2567,pdf,https://khoon.msu.ac.th/_dir/fulltext/2026/02/Monchaya_Chiangpradit67.pdf,tha,มหาวิทยาลัยมหาสารคาม,ได้รับการสนับสนุนการวิจัย งบประมาณรายได้ ประจำปีงบประมาณ 2567 มหาวิทยาลัยมหาสารคาม,,,,
2,การวิเคราะห์ผลของวัสดุเชิงประกอบระหว่างสเตอริโอคอมเพล็กซ์พอลิแล็กไทด์ผสมพอลิเมทิลเมทาคริเลต,Characterization of polymer composites between stereocomplex polylactide blends with poly (methyl methacrylate),,ยศฐา ศรีเทพ,อรปรียา เวียงอินทร์,,,,,,,,พลาสติกที่ย่อยสลายทางชีวภาพ --วิจัย,พอลิเมอร์ --วิจัย,โพลิเมทิลเมทาคริเลต --วิจัย,,,มหาวิทยาลัยมหาสารคาม,2564,pdf,https://khoon.msu.ac.th/_dir/fulltext/2026/03/Yottha_Srithep64.pdf,tha,มหาวิทยาลัยมหาสารคาม,ได้รับการสนับสนุนการวิจัย งบประมาณรายได้ ประจำปีงบประมาณ 2564 มหาวิทยาลัยมหาสารคาม,,,,
2,การเตรียมและศึกษาลักษณะเฉพาะของเอปไซลอน-แคโพรแล็กโทนโอลิโกเมอร์ที่มีศักยภาพใช้เป็นพลาสติไซเซอร์สำหรับฟิล์มพลาสติกชีวภาพพอลิแล็กติกแอซิด,Preparation and characterization of ε-caprolactone oligomers for potential use as plasticizers of bioplastic poly (lactic acid) films,,ยอดธง ใบมาก,ธนนชาติ อิ่มสมบัติ,,,,,,,,กรดพอลิแล็กติก --วิจัย,พลาสติกที่ย่อยสลายทางชีวภาพ --วิจัย,พลาสติไซเซอร์ --วิจัย,ฟิล์มพลาสติก --วิจัย,,มหาวิทยาลัยมหาสารคาม,2559,pdf,https://khoon.msu.ac.th/_dir/fulltext/2026/05/Yodthong_Baimark59.pdf,tha,มหาวิทยาลัยมหาสารคาม,ได้รับการสนับสนุนการวิจัย งบประมาณเงินรายได้ ประจำปีงบประมาณ 2559 มหาวิทยาลัยมหาสารคาม,,,,
2,การเตรียมสเตอริโอคอมเพล็กซ์ไตรบล็อกโคพอลิเมอร์ของพอลิแล็กไทด์-บล็อก-พอลิโพรไพลีนไกลคอล-บล็อก-พอลิแล็กไทด์สำหรับใช้เป็นพลาสติกชีวภาพสมรรถนะสูง,Preparation of stereocomplex polylactide-b-poly(propylene glycol)-b-polylactide triblock copolymers for use as high performance bioplastics,,ยอดธง ใบมาก,ดรรชนีย์ พลหาญ,,,,,,,,กรดพอลิแล็กติก --วิจัย,พลาสติกที่ย่อยสลายทางชีวภาพ --วิจัย,พอลิเมอร์ร่วมแบบสามกลุ่ม --วิจัย,,,มหาวิทยาลัยมหาสารคาม,2560,pdf,https://khoon.msu.ac.th/_dir/fulltext/2026/05/Yodthong_Baimark60.pdf,tha,มหาวิทยาลัยมหาสารคาม,ได้รับการสนับสนุนการวิจัย งบประมาณเงินรายได้ ประจำปีงบประมาณ 2560 มหาวิทยาลัยมหาสารคาม,,,,
2,ความเป็นไปได้ในการใช้เปลือกไข่ไก่ผลิตไบโอดีเซล,,,ยุวดี ไชยเชษฐ์,ภูพิงค์ ช่วยอุดม,,,,,,,,เชื้อเพลิงไบโอดีเซล --วิจัย,เปลือกไข่ --วิจัย,,,,มหาวิทยาลัยมหาสารคาม,2559,pdf,https://khoon.msu.ac.th/_dir/fulltext/2025/09/Yuwadee_Chaiyachet59.pdf,tha,มหาวิทยาลัยมหาสารคาม,ได้รับการสนับสนุนการวิจัยงบประมาณเงินรายได้ ประจำปีงบประมาณ 2559 มหาวิทยาลัยมหาสารคาม,,,,
2,ความแปรผันของคุณภาพเครื่องมือวัดทางจิตวิทยาสำหรับการวิจัยข้ามวัฒนธรรม,Quality variations of psychometrics for cross-cultural research,,รังสรรค์ โฉมยา,อารยา ปิยะกุล,,,,,,,,จิตวิทยา --วิจัย,แบบทดสอบ --แง่จิตวิทยา --วิจัย,แบบทดสอบทางจิตวิทยา --วิจัย,วิจัย --เครื่องมือ,,มหาวิทยาลัยมหาสารคาม,2566,pdf,https://khoon.msu.ac.th/_dir/fulltext/2025/09/Rangsan_Chomya66.pdf,tha,มหาวิทยาลัยมหาสารคาม,,,,,
2,การศึกษารูปแบบการประชุมทางไกลผ่านระบบวีดิทัศน์ทางไกลระหว่างมหาวิทยาลัยมหาสารคามกับงานประสานงานมหาวิทยาลัยมหาสารคามชั้น 14 สำนักงานคณะกรรมการการอุดมศึกษา กรุงเทพมหานคร,,,รัชพงษ์ ทะลาสี,,,,,,,,,การประชุมทางไกล --วิจัย,การประชุมทางไกลผ่านจอภาพ --วิจัย,มหาวิทยาลัยมหาสารคาม --วิจัย,,,มหาวิทยาลัยมหาสารคาม,2560,pdf,https://khoon.msu.ac.th/_dir/fulltext/2025/09/Ratchaphong_Talasee60.pdf,tha,มหาวิทยาลัยมหาสารคาม,,,,,
2,ความรอบรู้ พฤติกรรมการป้องกันโรคของอาสาสมัครสาธารณสุข (อสม.) และกระบวนการบริหารจัดการของเครือข่ายในการเฝ้าระวังป้องกันควบคุมโรคโควิด 19 ในชุมชนสร้างสุข ตำบลจัดการสุขภาพ เขตสุขภาพที่ 7,"Development of health literacy, covid 19 prevention behaviors and management by community networks for control covid 19 disease through happiness community program in the sub-district management of quality of life development in the regional health 7, thailand",,ราณี วงศ์คงเดช,ดรุณี พ่วงพรพิทักษ์,ศิรินาถ ตงศิริ,,,,,,,การติดเชื้อไวรัสโคโรนา --การป้องกันและควบคุม --วิจัย,โควิด-19 (โรค) --การป้องกันและควบคุม --วิจัย,,,,มหาวิทยาลัยมหาสารคาม,2564,pdf,https://khoon.msu.ac.th/_dir/fulltext/2025/11/Ranee_Wongkongdet64.pdf,tha,มหาวิทยาลัยมหาสารคาม,ได้รับการสนับสนุนการวิจัย งบประมาณเงินรายได้ ประจำปีงบประมาณ 2564 มหาวิทยาลัยมหาสารคาม,,,,
2,การพัฒนาระบบการประกันคุณภาพการศึกษาภายในสำหรับคณะศึกษาศาสตร์ มหาวิทยาลัยมหาสารคาม :,รายงานการวิจัยการพัฒนาระบบการประกันคุณภาพการศึกษาภายในสำหรับคณะศึกษาศาสตร์ มหาวิทยาลัยมหาสารคาม,,รุ่งทิพย์ สิงพร,,,,,,,,,ประกันคุณภาพการศึกษา --วิจัย,ประกันคุณภาพการศึกษาระดับอุดมศึกษา --วิจัย,มหาวิทยาลัยมหาสารคาม --คณะศึกษาศาสตร์ --วิจัย,,,มหาวิทยาลัยมหาสารคาม,2551,pdf,https://khoon.msu.ac.th/_dir/fulltext/2025/09/Rungthip_Singporn51.pdf,tha,มหาวิทยาลัยมหาสารคาม,โครงการวิจัยนี้ได้รับการสนับสนุนการวิจัยจากงบประมาณเงินแผ่นดิน ประจำปี 2551 มหาวิทยาลัยมหาสารคาม,,,,
2,การพัฒนาฐานข้อมูลบริการตอบคำถามและช่วยการค้นคว้า สำนักวิทยบริการ มหาวิทยาลัยมหาสารคาม,The Development of reference services database for academic resource center at Mahasarakham university,,รุจิรา เหลืองอุบล,,,,,,,,,บริการตอบคำถาม --วิจัย,บริการตอบคำถาม --ฐานข้อมูล --วิจัย,ห้องสมุดและบริการของห้องสมุด --วิจัย,ห้องสมุดและบริการของห้องสมุด --ฐานข้อมูล --วิจัย,ระบบการจัดเก็บและค้นข้อสนเทศ --วิจัย,มหาวิทยาลัยมหาสารคาม,2552,pdf,http://khoon.msu.ac.th/_dir/fulltext/fulltextman/full2/rujira4267/titlepage.pdf,tha,มหาวิทยาลัยมหาสารคาม,โครงการวิจัยนี้ได้รับการสนับสนุนการวิจัยจากงบประมาณแผ่นดิน ประจำปีงบประมาณ พศ 2552 มหาวิทยาลัยมหาสารคาม,,,,
2,องค์ประกอบทางเคมีและฤทธิ์ฆ่าแมลงของน้ำมันหอมระเหยจากหูเสือป้องกันกำจัดด้วงงวงข้าวโพด,Chemical composition and insecticidal activity of indian borage essential oil against maize weevil,,ฤชุอร วรรณะ,จิราภรณ์ กระแสเทพ,,,,,,,,น้ำมันหอมระเหย --วิจัย,แมลงศัตรูพืช --การควบคุม --วิจัย,สารฆ่าแมลงจากพืช --วิจัย,สารฆ่าแมลงแบบชีวภาพ --วิจัย,หูเสือ (พืช) --วิจัย,มหาวิทยาลัยมหาสารคาม,2562,pdf,https://khoon.msu.ac.th/_dir/fulltext/2026/03/ruchuon_wanna62.pdf,tha,มหาวิทยาลัยมหาสารคาม,ได้รับการสนับสนุนการวิจัย งบประมาณกองทุนส่งเสริมและพัฒนางานวิจัย ประจำปึงบประมาณ 2562 มหาวิทยาลัยมหาสารคาม,,,,
2,ฤทธิ์การเป็นสารฆ่าแมลงของน้ำมันหอมระเหยโรสแมรี่ป้องกันกำจัดมอดแป้ง,Insecticidal activity of rosemary essential oil against red flour beetle,,ฤชุอร วรรณะ,,,,,,,,,พืชสมุนไพร --การใช้ประโยชน์ --วิจัย,แมลงศัตรูพืช --การควบคุมทางชีววิทยา --วิจัย,สารฆ่าแมลงจากพืช --วิจัย,สารฆ่าแมลงแบบชีวภาพ --วิจัย,,มหาวิทยาลัยมหาสารคาม,2566,pdf,https://khoon.msu.ac.th/_dir/fulltext/2026/02/Ruchuon_Wanna66.pdf,tha,มหาวิทยาลัยมหาสารคาม,ได้รับการสนับสนุนการวิจัย งบประมาณรายได้ ประจำปีงบประมาณ 2566 มหาวิทยาลัยมหาสารคาม,,,,
2,ประสิทธิภาพของน้ำมันหอมระเหยจากใบหูเสือกำจัดด้วงถั่วเชียว,Efficiency of indian borage essential oil against cowpea weevil,,ฤชุอร วรรณะ,,,,,,,,,น้ำมันหอมระเหย --วิจัย,แมลงศัตรูพืช --การควบคุม --วิจัย,ศัตรูพืช --การควบคุมทางชีววิทยา --วิจัย,สารสกัดจากพืช --วิจัย,หูเสือ (พืช) --วิจัย,มหาวิทยาลัยมหาสารคาม,2562,pdf,https://khoon.msu.ac.th/_dir/fulltext/2026/03/Ruchuon_Wanna 62.pdf,tha,มหาวิทยาลัยมหาสารคาม,ได้รับการสนับสนุนการวิจัย งบประมาณกองทุนส่งเสริมและพัฒนางานวิจัย ประจำปึงบประมาณ 2562 มหาวิทยาลัยมหาสารคาม,,,,
2,ความสัมพันธ์ระหว่างการเรียนรู้ระเบียบทางการเงินกับผลสัมฤทธิ์ของงานของเจ้าหน้าที่การเงินและบัญชีมหาวิทยาลัยมหาสารคาม,,,ฤทัยรัตน์ มายร์ สรสันต์,,,,,,,,,การเงิน --กฎหมายและระเบียบข้อบังคับ --วิจัย,การเงิน --วิจัย,เจ้าหน้าที่การเงินและบัญชี --วิจัย,บัญชี --วิจัย,มหาวิทยาลัยมหาสารคาม --วิจัย,มหาวิทยาลัยมหาสารคาม,2562,pdf,https://khoon.msu.ac.th/_dir/fulltext/2025/08/Ruethairat_Mai_Sorasan62.pdf,tha,มหาวิทยาลัยมหาสารคาม,ได้รับการสนับสนุนการวิจัย งบประมาณเงินรายได้ ประจำปีงบประมาณ 2562 มหาวิทยาลัยมหาสารคาม,,,,
2,"อิทธิพลของอุณหภูมิต่อการแสดงออกของยีน Hsp 70 การเกิดภาวะเครียดออกซิเดชันไนตริกออกไซด์ ระดับของแคสปาส 3, 8 และ 9 ที่เหนี่ยวนำให้เกิดอะพอพโทซีสของเซลล์เม็ดเลือดแดงไก่กระทง",,,วรพล เองวานิช,จรูญ วันดี,,,,,,,,ไก่กระทง --ผลกระทบจากอุณหภูมิ --วิจัย,ไก่กระทง --วิจัย,ภาวะเครียดออกซิเดชัน --วิจัย,,,มหาวิทยาลัยมหาสารคาม,2564,pdf,https://khoon.msu.ac.th/_dir/fulltext/2026/03/Worapol_Engwanich64.pdf,tha,มหาวิทยาลัยมหาสารคาม,ได้รับการสนับสนุนการวิจัย งบประมาณรายได้ ประจำปีงบประมาณ 2564 มหาวิทยาลัยมหาสารคาม,,,,
2,อนุกรมวิธานของพรรณไม้วงศ์ลั่นทมในอุทยานแห่งชาติภูผายล,Taxonomy of the Apocynaceae in Phu Pha Yol National Park,,วรรณชัย ชาแท่น,วิลาวัณย์ พร้อมพรม,,,,,,,,พืช --การกระจายพันธุ์ --วิจัย,พืชวงศ์ตีนเป็ด --วิจัย,ลั่นทม --วิจัย,สัณฐานวิทยาพืช --วิจัย,อุทยานแห่งชาติภูผายล --วิจัย,มหาวิทยาลัยมหาสารคาม,2563,pdf,https://khoon.msu.ac.th/_dir/fulltext/2026/06/Wannachai_Chatan63.pdf,tha,มหาวิทยาลัยมหาสารคาม,ได้รับการสนับสนุนการวิจัย งบประจำปีงบประมาณ 2563 มหาวิทยาลัยมหาสารคาม,,,,
2,อนุกรมวิธานของพืชวงศ์บอนในอำเภอนาแก จังหวัดนครพนม,"Taxonomy of the family araceae in Na Kae District, Nakhon Phanom Province",,วรรณชัย ชาแท่น,วิลาวัณย์ พร้อมพรม,,,,,,,,พฤกษศาสตร์ --วิจัย,พืช --การกระจายพันธุ์ --วิจัย,พืช --การจำแนก --วิจัย,พืชวงศ์บอน --วิจัย,,มหาวิทยาลัยมหาสารคาม,2563,pdf,https://khoon.msu.ac.th/_dir/fulltext/2026/06/wannachai_chatan63.pdf,tha,มหาวิทยาลัยมหาสารคาม,ได้รับการสนับสนุนการวิจัย จากเงินรายได้ ประจำปีงบประมาณ 2563 มหาวิทยาลัยมหาสารคาม,,,,
2,การพัฒนาปุ๋ยชีวภาพจากแบคทีเรียส่งเสริมการเจริญเติบโตของพืชที่แยกใด้จากมูลกิ้งกือ,Development of a biofertilizer from plant growth promoting rhizobacteria isolated from millipede fecal pellets,,วราภรณ์ สุทธิสา,ปิยะธิดา พิมพ์วิชัย,ลลิตา ดาบภูเขียว,,,,,,,กิ้งกือ --มูล --วิจัย,ปุ๋ยชีวภาพ --วิจัย,แอคติโนมัยซิส --วิจัย,,,มหาวิทยาลัยมหาสารคาม,2567,pdf,https://khoon.msu.ac.th/_dir/fulltext/2026/02/Waraporn_Sutthisa67.pdf,tha,มหาวิทยาลัยมหาสารคาม,ได้รับการสนับสนุนการวิจัย งบประมาณเงินรายได้ ประจำปีงบประมาณ 2567 มหาวิทยาลัยมหาสารคาม,,,,
2,การศึกษาทัศนคติของบุคลากรมหาวิทยาลัยมหาสารคามต่อระบบประกันคุณภาพการศึกษาภายในระดับหลักสูตรของสำนักงานคณะกรรมการการอุดมศึกษา,,,วรินธร ไชยปัดชา,,,,,,,,,ทัศนคติ --วิจัย,ประกันคุณภาพการศึกษา --วิจัย,ประกันคุณภาพการศึกษาระดับอุดมศึกษา --ไทย --มหาสารคาม --วิจัย,,,มหาวิทยาลัยมหาสารคาม,2561,pdf,https://khoon.msu.ac.th/_dir/fulltext/2026/05/Warinthorn_Chaipadcha61.pdf,tha,มหาวิทยาลัยมหาสารคาม,ได้รับการสนับสนุนการวิจัย งบประมาณรายได้ ประจำปีงบประมาณ 2561 มหาวิทยาลัยมหาสารคาม,,,,
2,การศึกษาฐานภายในของกึ่งกรุป,,,วรุจน์ นาคเสน,วสัญญูพร ปานาเต,วิชญ์พล ฉัตรทอง,,,,,,,คณิตศาสตร์ --วิจัย,ทฤษฎีกรุป --วิจัย,พีชคณิต --วิจัย,,,มหาวิทยาลัยมหาสารคาม,2564,pdf,https://khoon.msu.ac.th/_dir/fulltext/2026/03/Warud_Naksen64.pdf,tha,มหาวิทยาลัยมหาสารคาม,ได้รับการสนับสนุนการวิจัย งบประมาณรายได้ ประจำปีงบประมาณ 2564 มหาวิทยาลัยมหาสารคาม,,,,
2,การศึกษาแนวคิดของเกือบแกมมาไฮเพอร์ไอดีลภายในแบบอ่อน (วิภัชนัย) บนแกมมากึ่งไฮเพอร์กรุปอันดับ,,,วรุจน์ นาคเสน,รณสรรพ์ ชินรัมย์,อัยเรศ เอี่ยมพันธ์,,,,,,,ทฤษฎีกรุป --วิจัย,คณิตศาสตร์ --วิจัย,พีชคณิต --วิจัย,ไฮเปอร์กรุป --วิจัย,,มหาวิทยาลัยมหาสารคาม,2566,pdf,https://khoon.msu.ac.th/_dir/fulltext/2026/03/Warud_Naksen66.pdf,tha,มหาวิทยาลัยมหาสารคาม,ได้รับการสนับสนุนการวิจัย งบประมาณรายได้ ประจำปีงบประมาณ 2565 มหาวิทยาลัยมหาสารคาม,,,,
2,อาหารกึ่งสำเร็จรูปสำหรับผู้สูงอายุ,Development of a process for producing instant foods for elddly using foam-mat drying combined with microwave,โครงการย่อยที่ 2 ปการพัฒนากระบวนการผลิตอาหารกิ่งสำเร็จรูปสำหรับผู้สูงอายุด้วยวิธีการอบแห้งแห้งแบบโฟม-แมท ร่วมกับไมโครเวฟ,วสันต์ ด้วงคำจันทร์,สุดาทิพย์ อินทร์ชื่น,,,,,,,,ผู้สูงอายุ --แง่โภชนาการ --วิจัย,อาหารกึ่งสำเร็จรูป --วิจัย,อุตสาหกรรมอาหาร --วิจัย,,,มหาวิทยาลัยมหาสารคาม,2563,pdf,https://khoon.msu.ac.th/_dir/fulltext/2026/04/wasan_duangkhamchan63.pdf,tha,มหาวิทยาลัยมหาสารคาม,ได้รับการสนับสนุนการวิจัยจากสำนักงานคณะกรรมการการอุดมศึกษา ประจำปีงบประมาณ 2562,,,,
2,ความหลากหลายทางพันธุกรรมของปูเจ้าพ่อหลวง,,,วันนิวัติ สุธรรมฤทธิ์,บังอร แถวโนนงิ้ว,,,,,,,,ความหลากหลายของชนิดพันธุ์ --วิจัย,ปู --การจำแนก --วิจัย,ปู --ความผันแปร --วิจัย,,,มหาวิทยาลัยมหาสารคาม,2563,pdf,https://khoon.msu.ac.th/_dir/fulltext/2025/07/wanniwat_suthamrit.pdf,tha,มหาวิทยาลัยมหาสารคาม,ได้รับการสนับสนุนการวิจัย งบประมาณเงินรายได้ ประจำปีงบประมาณ 2563 มหาวิทยาลัยมหาสารคาม,,,,
2,การศึกษาองค์ประกอบทางเคมี ใบ ดอก และผลของสมุนไพรคนทีสอ,"Study of chemical composition leaves, flowers and fruit of chaste tree (Vitex trifolia L.)",,วันประเสริฐ ทุมพะลา,ศิริพรรณ พลเสน,,,,,,,,คนทีสอ --วิจัย,พฤกษเคมี --วิจัย,พืช --องค์ประกอบ --วิจัย,สารพฤกษเคมี --วิจัย,,มหาวิทยาลัยมหาสารคาม,2564,pdf,https://khoon.msu.ac.th/_dir/fulltext/2025/07/Wanprasit_Thumphala64.pdf,tha,มหาวิทยาลัยมหาสารคาม,ได้รับการสนับสนุนการวิจัยงบประมาณรายได้ ประจำปี 2564 มหาวิทยาลัยมหาสารคาม,,,,
2,อิทธิพลขององค์ประกอบทางเคมีของใบพลูต่อค่าโลหิตวิทยาในไก่เนื้อ,Influence of chemical composition in betel leaves (Piper betle Linn.) on hematology in broilers,,วันประเสริฐ ทุมพะลา,ณัฏฐนัณ แสนทวีสุข,ศิริพรรณ พลเสน,,,,,,,ไก่กระทง --วิจัย,พลู --วิจัย,โลหิตวิทยา --วิจัย,,,มหาวิทยาลัยมหาสารคาม,2561,pdf,https://khoon.msu.ac.th/_dir/fulltext/2026/05/wanprasert_Thumpala61.pdf,tha,มหาวิทยาลัยมหาสารคาม,ได้รับการสนับสนุนการวิจัย งบประมาณรายได้ ประจำปีงบประมาณ 2561 มหาวิทยาลัยมหาสารคาม,,,,
2,การศึกษาการใช้กระบวนการจัดการเรียนรู้แบบสืบเสาะหาความรู้ (5E) ร่วมกับสื่อการเรียนรู้ออนไลน์ในการพัฒนาผลสัมฤทธิ์ทางการเรียนวิทยาศาสตร์ของนักเรียนชั้นมัธยมศึกษาปีที่ 1,Studies the use of inquiry-based learning (5E) learning management process with online learning media to develop science leachievements of matthayomsuksa 1 students,,จตุพร คำสงค์,สุมิตรา ยนยุบล,,,,,,,,การเรียนการสอนผ่านเว็บ --วิจัย,การเรียนรู้แบบสืบเสาะหาความรู้ --วิจัย,ผลสัมฤทธิ์ทางการเรียน --วิจัย,วิทยาศาสตร์ --การศึกษาและการสอน (มัธยมศึกษา) --วิจัย,,มหาวิทยาลัยมหาสารคาม,2565,pdf,https://khoon.msu.ac.th/_dir/fulltext/2026/02/Wittaya_Worapun65.pdf,tha,มหาวิทยาลัยมหาสารคาม,ได้รับการสนับสนุนการวิจัย งบประมาณเงินรายได้ ประจำปีงบประมาณ 2565 มหาวิทยาลัยมหาสารคาม,,,,
2,การพัฒนาความคิดสร้างสรรค์ทางวิทยาศาสตร์ของนักเรียนชั้นประถมศึกษาปีที่ 3 โดยการจัดกิจกรรมการเรียนรู้โดยการออกแบบ 6E (The 6E learning design) ตามแนวคิดสตีม (STEAM education),Development of creative in science of primary 3 student by 6E learning on steam education,,วิทยา วรพันธุ์,ปัทมา จงลือชา,,,,,,,,ความคิดสร้างสรรค์ --วิจัย,ความสามารถทางวิทยาศาสตร์ --วิจัย,วิทยาศาสตร์ --การศึกษาและการสอน (ประถมศึกษา) --วิจัย,,,มหาวิทยาลัยมหาสารคาม,2565,pdf,https://khoon.msu.ac.th/_dir/fulltext/2026/03/Wittaya _Worapun2565.pdf,tha,มหาวิทยาลัยมหาสารคาม,ได้รับการสนับสนุนการวิจัย งบประมาณรายได้ ประจำปีงบประมาณ 2565 มหาวิทยาลัยมหาสารคาม,,,,
2,โครงการการศึกษาความสัมพันธ์ระหว่างพัฒนาการศิลปะร่วมสมัยและการมีส่วนร่วมของสังคมในภูมิภาคเอเชียตะวันออกเฉียงใต้ ตั้งแต ปลายทศวรรษ 1970 จนถึงทศวรรษ 2010 (ระยะที่ 4),Studies of the relationship between the development of contemporary art and social participation in Southeast Asia from the late 1970s to the 2010s (Phase 4),รายงานผลการทำกิจกรรมส่งเสริมและสนับสนุนการวิจัย (ฉบับสมบูรณ์) :,วิภาช ภูริชานนท์,กษมาพร แสงสุระธรรม,,,,,,,,ศิลปะ --นิทรรศการ --วิจัย,ศิลปะสมัยใหม่ --คริสต์ศตวรรษที่ 19 --วิจัย,ศิลปะสมัยใหม่ --คริสต์ศตวรรษที่ 20 --วิจัย,เอเชียตะวันออกเฉียงใต้ --ความเป็นอยู่และประเพณี --วิจัย,,มหาวิทยาลัยมหาสารคาม,2567,pdf,https://khoon.msu.ac.th/_dir/fulltext/2026/02/Viphat_purichanont67.pdf,tha,มหาวิทยาลัยมหาสารคาม,ได้รับทุนอุดหนุนการทำกิจกรรมส่งเสริมและสนับสนุนการวิจัยและนวัตกรรมจากสำนักงานปลัดกระทรวงการอุดมศึกษา วิทยาศาสตร์ วิจัยและนวัตกรรม โดยธัชชา และสำนักงานการวิจัยแห่งชาติ ประจำปีงบประมาณ 2566,,,,
2,ประสิทธิผลของ Cynara scolymus L. ต่อผลลัพธ์ด้านหัวใจและหลอดเลือด : การวิเคราะห์อภิมานของการศึกษาทางคลินิกเชิงสุ่มล่าสุดและการวิเคราะห์ถดถอย,Effect of cynara scolymus L. on cardiometabolic outcomes: an updated meta-analysis of randomized controlled trials and meta-regression,,วิระพล ภิมาลย์,กิตติศักดิ์ วิชัยโย,บรรลือ สังข์ทอง,,,,,,,กลูโคสในเลือด --การรักษาด้วยยา --วิจัย,ไขมันในเลือด --การรักษาด้วยยา --วิจัย,เบาหวาน --ผู้ป่วย --วิจัย,พืชสมุนไพร --การใช้รักษา --วิจัย,ระบบหัวใจและหลอดเลือด --วิจัย,มหาวิทยาลัยมหาสารคาม,2566,pdf,https://khoon.msu.ac.th/_dir/fulltext/2026/01/Wiraphol_Phimarn66.pdf,tha,มหาวิทยาลัยมหาสารคาม,ได้รับการสนับสนุนการวิจัย งบประมาณรายได้ ประจำปีงบประมาณ 2566 มหาวิทยาลัยมหาสารคาม,,,,
2,แนวทางการปรับปรุงการจัดการงานพัสดุ ของคณะในมหาวิทยาลัยมหาสารคาม,A guideline for of commodity practices improvement of faculties in Mahasarakham University.,,วิรายา ภมรสมิต,พรทิพย์ พันธุมชัย,,,,,,,,พัสดุ --การจัดการ --วิจัย,มหาวิทยาลัยมหาสารคาม --วิจัย,,,,มหาวิทยาลัยมหาสารคาม,2549,pdf,http://khoon.msu.ac.th/_dir/fulltext/full130/viraya12950/titlepage.pdf,tha,มหาวิทยาลัยมหาสารคาม,โครงการวิจัยนี้ได้รับการสนับสนุนการวิจัยจากงบประมาณเงินรายได้ ประจำปี 2549,,,,
5,คู่มือการพิจารณา ผู้เสนอราคา โดยวิธีสอบราคาและประกวดราคา ตามระเบียบสำนักนายกรัฐมนตรีว่าด้วยการพัสดุ พ.ศ. 2535 และฉบับแก้ไขเพิ่มเติม,,,วิรายา ภมรสมิต,,,,,,,,,พัสดุ --กฎหมายและระเบียบข้อบังคับ --วิจัย,,,,,คณะเทคโนโลยี มหาวิทยาลัยมหาสารคาม,2548,pdf,http://khoon.msu.ac.th/_dir/fulltext/full130/viraya12949/titlepage.pdf,tha,มหาวิทยาลัยมหาสารคาม,,,,,
2,พฤกษศาสตร์และพฤกษเคมีของพืชสมุนไพรสกุล Colocasia ในอำเภอนาแก จังหวัดนครพนม,"Botanical and phytochemical of medicinal plants in the genus colocasia L. in Na Kae district, Nakhon Phanom province",,วิลาวัณย์ พร้อมพรม,วรรณชัย ชาแท่น,,,,,,,,พฤกษศาสตร์ --วิจัย,พืชวงศ์บอน --วิจัย,พืชสมุนไพร --การสำรวจ --วิจัย,สารพฤกษเคมี --วิจัย,,มหาวิทยาลัยมหาสารคาม,2565,pdf,https://khoon.msu.ac.th/_dir/fulltext/2026/03/Wilawan_Promprom65.pdf,tha,มหาวิทยาลัยมหาสารคาม,ได้รับการสนับสนุนการวิจัย จากเงินรายได้ ประจำปีงบประมาณ 2564 มหาวิทยาลัยมหาสารคาม,,,,
2,การพัฒนาระบบสารสนเทศระบบบริหารรายได้สำหรับพื้นที่ มหาวิทยาลัยมหาสารคาม,"The Development of information system, revenue management system for area Mahasarakham University",,วิษณุ คงศรี,,,,,,,,,ระบบสารสนเทศเพื่อการจัดการ --วิจัย,ค่าเช่า --วิจัย,มหาวิทยาลัยมหาสารคาม --รายได้ --วิจัย,,,มหาวิทยาลัยมหาสารคาม,2561,pdf,https://khoon.msu.ac.th/_dir/fulltext/2025/08/visanu_vongsri.pdf,tha,มหาวิทยาลัยมหาสารคาม,ได้รับการสนับสนุนการวิจัย ประจำปีงบประมาณ 2561 มหาวิทยาลัยมหาสารคาม,,,,
2,การสร้างชุมชนแห่งการเรียนรู้เพื่อพัฒนาการศึกษาขั้นพื้นฐานของโรงเรียนในจังหวัดมหาสารคาม,The Professional learning community for basic education development of schools in Mahasarakham province,,วุฒิศักดิ์ บุญแน่น,ชวลิต ชูกำแพง,,,,,,,,การเรียนรู้ --วิจัย,การศึกษาขั้นพื้นฐาน --การบริหาร --วิจัย,การศึกษาขั้นพื้นฐาน --ไทย --มหาสารคาม --วิจัย,,ชุมชนแห่งการเรียนรู้ทางวิชาชีพ --วิจัย,มหาวิทยาลัยมหาสารคาม,2564,pdf,https://khoon.msu.ac.th/_dir/fulltext/2025/08/wutthisak_bunnaen.pdf,tha,มหาวิทยาลัยมหาสารคาม,ได้รับการสนับสนุนจากเงินทุนการอุดหนุนการวิจัยจากกองทุนส่งเสริมวิทยาศาสตร์ วิจัยและนวัตกรรม (ววน) ประจำปีงบประมาณ 2564 กระทรวงอุดมศึกษา,,,,
2,การศึกษาปัจจัยที่มีผลต่อความสำเร็จในการดำเนินงานของผู้ปฏิบัติงานด้านประกันคุณภาพการศึกษาของมหาวิทยาลัยมหาสารคาม,,,ศรัญญา มูลจันทร์,,,,,,,,,ประกันคุณภาพการศึกษา --วิจัย,ประกันคุณภาพการศึกษาระดับอุดมศึกษา --วิจัย,มหาวิทยาลัยมหาสารคาม --วิจัย,,,มหาวิทยาลัยมหาสารคาม,2562,pdf,https://khoon.msu.ac.th/_dir/fulltext/2025/09/Saranya_Moonchan62.pdf,tha,มหาวิทยาลัยมหาสารคาม,ได้รับการสนับสนุนการวิจัย จากเงินรายได้ ประจำปีงบประมาณ 2562 มหาวิทยาลัยมหาสารคาม,,,,
2,ความรู้ความเข้าใจพระราชบัญญัติการจัดซื้อจัดจ้างและการบริหารพัสดุภาครัฐ พ.ศ. 2560 และประสิทธิภาพการบริหารงานพัสดุของบุคลากร : กรณีศึกษากองอาคารสถานที่ มหาวิทยาลัยมหาสารคาม,Knowledge and understanding about government procurement and supplies management act B.E. 2560 and efficiency of supplies management of staff : a case studies of Division of Building and Ground of Mahasarakham University,,ศรัณย์ภัทร์ ชิณสงคราม,,,,,,,,,การจัดซื้อจัดจ้างภาครัฐ --กฎหมายและระเบียบข้อบังคับ --วิจัย,การจัดซื้อจัดจ้างภาครัฐ --วิจัย,พระราชบัญญัติการจัดซื้อจัดจ้างและการบริหารพัสดุภาครัฐ พ.ศ. 2560 --วิจัย,พัสดุ --การจัดซื้อ --วิจัย,,มหาวิทยาลัยมหาสารคาม,2564,pdf,https://khoon.msu.ac.th/_dir/fulltext/2025/08/Saranphat_Chinsongkram64.pdf,tha,มหาวิทยาลัยมหาสารคาม,ได้รับการสนับสนุนการวิจัย งบประมาณเงินรายได้ ประจำปีงบประมาณ 2564 มหาวิทยาลัยมหาสารคาม,,,,
2,การสังเคราะห์รูปแบบระบบบริหารจัดการคำร้องออนไลน์ (e-Form) ระดับบัณฑิตศึกษา บัณฑิตวิทยาลัย มหาวิทยาลัยมหาสารคาม,,,ศรินทร์ยา เกียงขวา,,,,,,,,,การจัดการฐานข้อมูล --วิจัย,คำร้อง --ฐานข้อมูล --วิจัย,มหาวิทยาลัยมหาสารคาม --บัณฑิตวิทยาลัย --ฐานข้อมูล --วิจัย,,,มหาวิทยาลัยมหาสารคาม,2563,pdf,https://khoon.msu.ac.th/_dir/fulltext/2025/08/Sarinya_Kiangkhwa63.pdf,tha,มหาวิทยาลัยมหาสารคาม,,,,,
2,การพัฒนาระบบบริหารจัดการคำร้องออนไลน์ (e-Form) ระดับบัณฑิตศึกษา ของบัณฑิตวิทยาลัย มหาวิทยาลัยมหาสารคาม,,,ศรินทร์ยา เกียงขวา,,,,,,,,,การออกแบบฐานข้อมูล --วิจัย,การออกแบบระบบ --วิจัย,คำร้อง --ฐานข้อมูล --วิจัย,มหาวิทยาลัยมหาสารคาม --บัณฑิตวิทยาลัย --ฐานข้อมูล --วิจัย,,มหาวิทยาลัยมหาสารคาม,2563,pdf,https://khoon.msu.ac.th/_dir/fulltext/2025/09/Sarinya_Khaingkhwa63.pdf,tha,มหาวิทยาลัยมหาสารคาม,,,,,
2,กายวิภาคศาสตร์และจุลสัณฐานวิทยาเปรียบเทียบเพื่ออนุกรมวิธานของสัตว์ไม่มีกระดูกสันหลังกลุ่มหอยทากบก ในบริเวณภูเขาหินปูนและภูสวนทราย อำเภอนาแห้ว จังหวัดเลย,"Comparative anatomy and micromorphology for Taxonomy of land snails invertebrate animals of Limestone area in Phu Suan Sai, Na Haw District Loei Province",,,,,,,,,,,หอยทาก --วิจัย --ไทย,หอยทากน้ำจืด --กายวิภาค --วิจัย,หอยทากน้ำจืด --วิจัย,,,มหาวิทยาลัยมหาสารคาม,2561,pdf,https://khoon.msu.ac.th/_dir/fulltext/2026/03/Sakboworn_Tumpeesuwan61.pdf,tha,มหาวิทยาลัยมหาสารคาม,ได้รับการสนับสนุนการวิจัย งบประมาณแผ่นดิน ประจำปีงบประมาณ 2561 มหาวิทยาลัยมหาสารคาม,,,,
2,ผลของโปรแกรมการส่งเสริมสมรรถนะแห่งตนในการปรับเปลี่ยนพฤติกรรมสุขภาพเพื่อป้องกันโรคเบาหวานในประชาชนที่เป็นกลุ่มเสี่ยงโดยผ่านกระบวนการมีส่วนร่วมของชุมชน,Effects of self efficacy for modification of health behavior to prevent diabetes in risk group through community participation,,ศิราณีย์ อินธรหนองไผ่,ธิดาทิพย์ สุพรรณผิว,อมร สุวรรณนิมิตร,,,,,,,การดูแลสุขภาพด้วยตนเอง --วิจัย,เบาหวาน --ผู้ป่วย --วิจัย,พฤติกรรมสุขภาพ --การมีส่วนร่วมของประชาชน --วิจัย,,,มหาวิทยาลัยมหาสารคาม,2558,pdf,https://khoon.msu.ac.th/_dir/fulltext/2026/07/Siranee_Inthornnongpai58.pdf,tha,มหาวิทยาลัยมหาสารคาม,ได้รับการสนับสนุนการวิจัย งบประมาณเงินรายได้ (วช) ประจำปีงบประมาณ 2558 มหาวิทยาลัยมหาสารคาม,,,,
2,การวิเคราะห์ปริมาณสารประกอบฟีนอลและสารต้านอนุมูลอิสระในแต่ละส่วนประกอบของข้าวสาลีที่ได้จากขั้นตอนการสีข้าวสาลี,Determination of antioxidants and phenolic compounds in flour milling fractions from wheat,,ศิริธร ศิริอมรพรรณ,,,,,,,,,ข้าวสาลี --วิจัย,สารประกอบฟีนอล --วิจัย,แอนติออกซิแดนท์ --วิจัย,,,มหาวิทยาลัยมหาสารคาม,2567,pdf,https://khoon.msu.ac.th/_dir/fulltext/2026/02/Sirithon_Siriamornpun67.pdf,tha,มหาวิทยาลัยมหาสารคาม,ได้รับการสนับสนุนการวิจัย งบประมาณรายได้ ประจำปีงบประมาณ 2567 มหาวิทยาลัยมหาสารคาม,,,,
2,การศึกษาคุณภาพและคุณสมบัติของผลิตภัณฑ์เนื้อเทียมจากธัญพืชร่วมกับแมลงกินได้,Quality and properties evaluation of meat analogue produced from combined cereal with edible insect,,ศิริธร ศิริอมรพรรณ,,,,,,,,,การปรุงอาหาร (แป้งข้าวเจ้า) --วิจัย,การปรุงอาหาร (แมลง) --วิจัย,เนื้อสัตว์เทียม --วิจัย,อาหารโปรตีนจากพืช --วิจัย,อาหารเพื่อสุขภาพ --วิจัย,มหาวิทยาลัยมหาสารคาม,2566,pdf,https://khoon.msu.ac.th/_dir/fulltext/2026/01/Sirithorn_SiriAmornphan66.pdf,tha,มหาวิทยาลัยมหาสารคาม,ได้รับการสนับสนุนการวิจัย งบประมาณรายได้ ประจำปีงบประมาณ 2566 มหาวิทยาลัยมหาสารคาม,,,,
2,การสร้างบทเรียนคอมพิวเตอร์ช่วยสอนระบบมัลติมีเดีย วิชาวิทยาศาสตร์เรื่อง พฤติกรรมของสิ่งมีชีวิต สำหรับชั้นมัธมศึกษาปีที่ 3,,,ศิริพร ภิญโย,,,,,,,,,คอมพิวเตอร์ช่วยการสอน --วิจัย,สิ่งมีชีวิต --การศึกษาและการสอน (มัธยมศึกษา) --วิจัย,,,,มหาวิทยาลัยมหาสารคาม,2551,pdf,https://khoon.msu.ac.th/_dir/fulltext/2025/08/siriporn_pinyo.pdf,tha,มหาวิทยาลัยมหาสารคาม,,,,,
2,วิเคราะห์การศึกษาความพึงพอใจในการใช้ห้องปฏิบัติการ สาขาสัตวศาสตร์ ภาควิชาเทคโนโลยีการเกษตร คณะเทคโนโลยี มหาวิทยาลัยมหาสารคาม ปีการศึกษา 2560 ภาคเรียนที่ 2,,,ศิริพรรณ พลเสน,,,,,,,,,ห้องปฏิบัติการ --ความพอใจของผู้ใช้บริการ --วิจัย,มหาวิทยาลัยมหาสารคาม --คณะเทคโนโลยี --ห้องปฏิบัติการ --วิจัย,,,,มหาวิทยาลัยมหาสารคาม,2562,pdf,https://khoon.msu.ac.th/_dir/fulltext/2025/08/Siriphan_Polsen62.pdf,tha,มหาวิทยาลัยมหาสารคาม,,,,,
2,การพัฒนามหาวิทยาลัยเพื่อเข้าสู่ฐานการจัดอันดับมหาวิทยาลัยระดับสากล Times Higher Education,University development to reach the Times Higher Education global university rankings,,ศิเรมอร ประทุมทิพย์,,,,,,,,,การพัฒนาการศึกษา --วิจัย,สถาบันอุดมศึกษา --การจัดอันดับ --วิจัย,สถาบันอุดมศึกษา --การบริหาร --วิจัย,,,มหาวิทยาลัยมหาสารคาม,2560,pdf,https://khoon.msu.ac.th/_dir/fulltext/2025/10/Siremorn_Prathumthip60.pdf,tha,มหาวิทยาลัยมหาสารคาม,ได้รับการสนับสนุนการวิจัยงบประมาณเงินรายได้ ประจำปีงบประมาณ พศ2560 มหาวิทยาลัยมหาสารคาม,,,,
2,การพัฒนาระบบงานการเงินกรณีการเดินทางไปราชการสำนักวิทยบริการ มหาวิทยาลัยมหาสารคาม,"The Development of financial system in case of official government travel for academic resource center, Mahasarakham University",,สกุลไทย ป้อมมะรัง,,,,,,,,,การเงิน --วิจัย,การเดินทางไปราชการ --วิจัย,มหาวิทยาลัยมหาสารคาม --การเงิน --วิจัย,,,มหาวิทยาลัยมหาสารคาม,2553,pdf,http://khoon.msu.ac.th/_dir/fulltext/fulltextman/full2/sakunthai4335/titlepage.pdf,tha,มหาวิทยาลัยมหาสารคาม,โครงการวิจัยนี้ได้รับการสนับสนุนการวิจัยจากงบประมาณเงินรายได้ประจำปีงบประมาณ พศ 2553,,,,
2,หมวกไม้ไผ่ ชุดความรู้ภูมิปัญญาด้านศิลปหัตถกรรมพื้นบ้าน บ้านดอนกลอง อำเภอเมือง จังหวัดยโสธร,Bamboo hat : a series of indigenous knowledge about local handicafs Ban Donklong Hua Ruea Sub-District Muang Yasothon Province,,สถิตย์ เจ็กมา,อัจฉรี จันทมูล,,,,,,,,เครื่องจักสาน --ไทย --มหาสารคาม --วิจัย,งานไม้ไผ่ --วิจัย,ภูมิปัญญาชาวบ้าน --ไทย --มหาสารคาม --วิจัย,ศิลปหัตถกรรม --ไทย --มหาสารคาม --วิจัย,,มหาวิทยาลัยมหาสารคาม,2560,pdf,https://khoon.msu.ac.th/_dir/fulltext/2025/08/satit_jekma60.pdf,tha,มหาวิทยาลัยมหาสารคาม,ได้รับการสนับสนุนการวิจัยเพื่อพัฒนาองค์กรและพัฒนาบุคลากร ประจำปีงบประมาณ 2560 มหาวิทยาลัยมหาสารคาม,,,,
2,การประเมินระบบการติดตามผลการเรียนและให้คำปรึกษานิสิตระดับปริญญาตรีที่มีความเสี่ยงต่อการพ้นสภาพการเป็นนิสิต มหาวิทยาลัยมหาสารคาม,,,สวัสดิ์ วิชระโภชน์,,,,,,,,,การออกกลางคัน --วิจัย,การออกกลางคันในสถาบันอุดมศึกษา --ไทย --มหาสารคาม --วิจัย,นักศึกษา --การให้คำปรึกษา --วิจัย,ผลสัมฤทธิ์ทางการเรียน --วิจัย,มหาวิทยาลัยมหาสารคาม --นักศึกษา --วิจัย,มหาวิทยาลัยมหาสารคาม,2565,pdf,https://khoon.msu.ac.th/_dir/fulltext/2025/08/Sawat_Wicharapote65.pdf,tha,มหาวิทยาลัยมหาสารคาม,ได้รับการสนับสนุนการวิจัยงบประมาณเงินรายได้ ประจำปีงบประมาณ พศ2564 มหาวิทยาลัยมหาสารคาม,,,,
2,การบูรณาการโครงข่ายประสาทเทียมและแบบจำลองเซลลูลาร์ออโตมาตาสำหรับการจำลองการเปลี่ยนแปลงการใช้ประโยชน์ที่ดินอำเภอเมืองบุรีรัมย์,,,สาธิต แสงประดิษฐ์,,,,,,,,,การทำแผนที่ --โปรแกรมคอมพิวเตอร์ --วิจัย,การรับรู้จากระยะไกล --วิจัย,นิวรัลเน็ตเวิร์ค (วิทยาการคอมพิวเตอร์) --วิจัย,ภูมิสารสนเทศศาสตร์ --วิจัย,ระบบสารสนเทศทางภูมิศาสตร์ --วิจัย,มหาวิทยาลัยมหาสารคาม,2564,pdf,https://khoon.msu.ac.th/_dir/fulltext/2026/03/Sathit Saengpradit64.pdf,tha,มหาวิทยาลัยมหาสารคาม,ได้รับการสนับสนุนการวิจัย งบประมาณเงินรายได้ ประจำปีงบประมาณ 2564 มหาวิทยาลัยมหาสารคาม,,,,
2,การติดตามผลการปฏิบัติงานของบรรณารักษ์สาธารณรัฐประชาธิปไตยประชาชนลาวที่ผ่านการอบรมทางวิชาการ สาขาวิชาบรรณารักษศาสตร์ มหาวิทยาลัยมหาสารคาม โครงการในพระราชูปถัมภ์ของสมเด็จพระเทพรัตนราชสุดาฯ สยามบรมราชกุมารี,,,สายใจ ชุปวา,,,,,,,,,โครงการในพระราชูปถัมภ์ของสมเด็จพระเทพรัตนราชสุดาฯ สยามบรมราชกุมารี --วิจัย,บรรณารักษ์ --การทำงาน --วิจัย,บรรณารักษ์ --ลาว --วิจัย,,,มหาวิทยาลัยมหาสารคาม,2541,pdf,http://khoon.msu.ac.th/_dir/fulltext/full165/saijai134709/titlepage.pdf,tha,มหาวิทยาลัยมหาสารคาม,,,,,
2,การศึกษาความสัมพันธ์ระหว่างกระบวนการจัดซื้อพัสดุกับประสิทธิผลการจัดซื้อพัสดุตามตัวแบบจำลองอ้างอิงการดำเนินงานโซ่อุปทาน มหาวิทยาลัยมหาสารคาม,,,สายทอง ปัญญาทิพย์,,,,,,,,,การจัดซื้อ --ไทย --มหาสารคาม --วิจัย,พัสดุ --การจัดซื้อ --ไทย,,,,มหาวิทยาลัยมหาสารคาม,2561,pdf,https://khoon.msu.ac.th/_dir/fulltext/2025/08/Saithong_Panyatip60.pdf,tha,มหาวิทยาลัยมหาสารคาม,ได้รับการสนับสนุนการวิจัย จากงบประมาณเงินรายได้ ประจำปีงบประมาณ 2560 มหาวิทยาลัยมหาสารคาม,,,,
2,รายงานการวิเคราะห์เรื่องการวิเคราะห์เปรียบเทียบจำนวนนิสิตใหม่ตามแผนการรับนิสิตปีการศึกษา 2556-2560 มหาวิทยาลัยมหาสารคาม,,,สิริมา ศรีสุภาพ,,,,,,,,,นักศึกษา --ไทย --มหาสารคาม --วิจัย,มหาวิทยาลัยมหาสารคาม --นักศึกษา --วิจัย,,,,มหาวิทยาลัยมหาสารคาม,2562,pdf,https://khoon.msu.ac.th/_dir/fulltext/2025/09/sirima.pdf,tha,มหาวิทยาลัยมหาสารคาม,,,,,
2,การพัฒนาระบบสารสนเทศสำหรับแบบประเมินภาระงานบุคลากรของมหาวิทยาลัยมหาสารคาม,The development of information system for personal workload valuation of mahasarakham university,,สิรีวรรณ ตติยรัตน์,,,,,,,,,ระบบการจัดเก็บและค้นข้อสนเทศ --วิจัย,มหาวิทยาลัยมหาสารคาม --ข้าราชการและพนักงาน --วิจัย,,,,มหาวิทยาลัยมหาสารคาม,2552,pdf,https://khoon.msu.ac.th/_dir/fulltext/2025/09/Sireewan_Tatiyarat52.pdf,tha,มหาวิทยาลัยมหาสารคาม,ได้รับการสนับสนุนการวิจัยจากงบประมาณแผ่นดิน ประจำปีงบประมาณ 2552 มหาวิทยาลัยมหาสารคาม,,,,
2,ความเสี่ยงในการปฏิบัติงานด้านการเงินและบัญชีของเจ้าหน้าที่การเงินและบัญชีในมหาวิทยาลัยมหาสารคาม,,,สุกัญญา ครุฑไชยันต์,,,,,,,,,การเงิน --วิจัย,การบัญชี --วิจัย,นักบัญชี --วิจัย,พัสดุ --วิจัย,สมรรถภาพในการทำงาน --วิจัย,มหาวิทยาลัยมหาสารคาม,2560,pdf,https://khoon.msu.ac.th/_dir/fulltext/2025/08/Sukanya_Krutchaiyant60.pdf,tha,มหาวิทยาลัยมหาสารคาม,โครงการวิจัยนี้ได้รับการสนับสนุนการวิจัยจากงบประมาณเงินรายได้ คณะแพทย์ศาสตร์ประจำปี 2560 มหาวิทยาลัยมหาสารคาม,,,,
2,การวิเคราะห์การแพร่กระจายของแบคทีเรียทั้งหมดบนผิวสัมผัสอุปกรณ์ในห้องเรียนรวม ห้องปฏิบัติการและห้องสมุด คณะแพทยศาสตร์ มหาวิทยาลัยมหาสารคาม,,,สุจิตรา ยาหอม,,,,,,,,,โรคเกิดจากแบคทีเรีย --วิจัย,แบคทีเรีย --วิจัย,,,,มหาวิทยาลัยมหาสารคาม,2568,pdf,https://khoon.msu.ac.th/_dir/fulltext/2025/09/Sujittra_Yahom68.pdf,tha,มหาวิทยาลัยมหาสารคาม,,,,,
2,สารออกฤทธิ์ทางชีวภาพของพืชโคลงเคลงยวน,Bioactive compounds of melastoma saigonense (Kuntze) Merr.,,สุจินต์ อังกุราวิรุทธ์,นัทธมน ประจุดทะศรี,,,,,,,,โคลงเคลงยวน --วิจัย,พืชสมุนไพร --วิจัย,สารออกฤทธิ์ทางชีวภาพจากพืช --วิจัย,,,มหาวิทยาลัยมหาสารคาม,2559,pdf,https://khoon.msu.ac.th/_dir/fulltext/2025/09/Suchin_Angkurawirut59.pdf,tha,มหาวิทยาลัยมหาสารคาม,ได้รับการสนับสนุนทุนอุดหนุนการวิจัยเพื่อพัฒนานิสิตระดับบัณฑิตศึกษา (ปริญญาเอก) งบประมาณเงินรายได้ ประจำปีงบประมาณ 2559 มหาวิทยาลัยมหาสารคาม,,,,
2,การพัฒนาระบบติดตามการใช้จ่ายงบประมาณมหาวิทยาลัยมหาสารคาม,E-budget system mahasarakham university,,สุชาติ กัญญาประสิทธิ์,,,,,,,,,การออกแบบฐานข้อมูล --วิจัย,การออกแบบระบบ --วิจัย,ระบบการจัดเก็บและค้นข้อสนเทศ --วิจัย,มหาวิทยาลัยมหาสารคาม --งบประมาณ --วิจัย,,มหาวิทยาลัยมหาสารคาม,2565,pdf,https://khoon.msu.ac.th/_dir/fulltext/2025/11/Suchart_Kanyaprasit65.pdf,tha,มหาวิทยาลัยมหาสารคาม,ได้รับการสนับสนุนการวิจัย ประจำปีงบประมาณ 2555 มหาวิทยาลัยมหาสารคาม,,,,
2,การพัฒนาอาหารกล่องกึ่งสำเร็จรูปด้วยวิธีอบแห้งแบบโฟม-แมทร่วมกับไมโครเวฟ ,Development of instant meal box using foam-mat drying combined with microwave,|aโครงการย่อยที่ 3 การพัฒนาอาหารกล่องกึ่งสำเร็จรูปด้วยวิธีอบแห้งแบบโฟม-แมทร่วมกับไมโครเวฟ,สุดาทิพย์ อินทร์ชื่น,วสันต์ ด้วงคำจันทร์,,,,,,,,บรรจุภัณฑ์อาหาร --วิจัย,บรรจุภัณฑ์อาหาร --วิจัย,อาหารกึ่งสำเร็จรูป --วิจัย,อุตสาหกรรมอาหาร --วิจัย,ผู้สูงอายุ --แง่โภชนาการ --วิจัย,มหาวิทยาลัยมหาสารคาม,2563,pdf,https://khoon.msu.ac.th/_dir/fulltext/2026/04/sudathip_Inchuen63.pdf,tha,มหาวิทยาลัยมหาสารคาม,ได้รับการสนับสนุนการวิจัยจากสำนักงานคณะกรรมการการอุดมศึกษา ประจำปีงบประมาณ 2562,,,,
2,การวิเคราะห์ผลกระทบของการส่งเสริมยานยนต์ไฟฟ้าที่มีต่อภาคขนส่งและภาคการผลิตไฟฟ้าสำหรับประเทศไทย,Implications of electric vehicle promotion policy on road transport and electricity sectors for Thailand,,บัญชา วัฒนะ,,,,,,,,,การขนส่ง --วิจัย,พลังงานทดแทน --วิจัย,ยานพาหนะไฟฟ้า --ผลกระทบต่อสังคม --วิจัย,ยานพาหนะไฟฟ้า --วิจัย,อุตสาหกรรมไฟฟ้า --วิจัย,มหาวิทยาลัยมหาสารคาม,2565,pdf,https://khoon.msu.ac.th/_dir/fulltext/2026/02/Supannika_Wattana65.pdf,tha,มหาวิทยาลัยมหาสารคาม,ได้รับการสนับสนุนการวิจัย งบประมาณรายได้ ประจำปีงบประมาณ 2564 มหาวิทยาลัยมหาสารคาม,,,,
2,การพัฒนารูปแบบการรายงานผลการเบิกจ่ายเงินงบประมาณสำหรับผู้ปฏิบัติงานด้านการเงินและบัญชี มหาวิทยาลัยมหาสารคาม,Development of budget disbursement report of financial officers in Mahasarakham University,,สุพันธ์ณี ศรเสนา,,,,,,,,,การเงิน --วิจัย,การทำบัญชี --งบประมาณ --วิจัย,มหาวิทยาลัยมหาสารคาม --งบประมาณ --วิจัย,,,มหาวิทยาลัยมหาสารคาม,2567,pdf,https://khoon.msu.ac.th/_dir/fulltext/2025/09/Suphanne_Sonsena67.pdf,tha,มหาวิทยาลัยมหาสารคาม,ได้รับการสนับสนุนการวิจัยงบประมาณเงินรายได้ ประจำปีงบประมาณ 2567 มหาวิทยาลัยมหาสารคาม,,,,
2,เซนเซอร์ไมโครเวฟที่ได้รับแรงบันดาลใจจากอภิวัสดุสำหรับตรวจวัดความเข้มข้นของไนเตรตและฟอสเฟตที่ละลายผสมกันในน้ำ,Metamaterial-inspired microwave sensor for detecting the concentration of mixed phosphate and nitrate in water,,สุภกร หาญสูงเนิน,,,,,,,,,คลื่นแม่เหล็กไฟฟ้า --วิจัย,เซนเซอร์ทางเคมีไฟฟ้า --วิจัย,ไมโครเวฟ --วิจัย,อุปกรณ์ตรวจจับสารเคมี --วิจัย,,มหาวิทยาลัยมหาสารคาม,2564,pdf,https://khoon.msu.ac.th/_dir/fulltext/2026/03/Supakorn_Harnsoongnoen64.pdf,tha,มหาวิทยาลัยมหาสารคาม,ได้รับการสนับสนุนการวิจัย งบประมาณเงินรายได้ ประจำปีงบประมาณ 2564 มหาวิทยาลัยมหาสารคาม,,,,
2,ไมโครเวฟไบโอเซนเซอร์สำหรับการตรวจวัดความเข้มข้นของฮอร์โมนเอสโตรเจนและสารรบกวนการทำงานของฮอร์โมนอีควอล,Microwave biosensor for the concentration of estrogen hormone and endocrine disrupter equol detection,,สุภกร หาญสูงเนิน,,,,,,,,,ไบโอเซนเซอร์ --วิจัย,อุปกรณ์ตรวจจับ --วิจัย,เอสโตรเจน --วิจัย,,,มหาวิทยาลัยมหาสารคาม,2564,pdf,https://khoon.msu.ac.th/_dir/fulltext/2025/09/Supakorn_Harnsoongnoen.pdf,tha,มหาวิทยาลัยมหาสารคาม,ได้รับการสนับสนุนการวิจัย งบประมาณเงินรายได้ ประจำปีงบประมาณ 2564 มหาวิทยาลัยมหาสารคาม,,,,
2,การพัฒนาระบบและสื่อสารให้คำปรึกษาการใช้โปรแกรมไอทีสีส (iThesis) ออนไลน์สำหรับนิสิตระดับบัณฑิตศึกษา มหาวิทยาลัยมหาสารคาม,,,สุภาภัทร บุตรไทย,,,,,,,,,คอมพิวเตอร์ช่วยการสอน --วิจัย,เทคโนโลยีทางการศึกษา --วิจัย,วิทยานิพนธ์อิเล็กทรอนิกส์ --วิจัย,,,มหาวิทยาลัยมหาสารคาม,2564,pdf,https://khoon.msu.ac.th/_dir/fulltext/2025/08/supapat_butthai64.pdf,tha,มหาวิทยาลัยมหาสารคาม,ได้รับการสนับสนุนการวิจัย งบประมาณเงินรายได้ ประจำปีงบประมาณ 2564 มหาวิทยาลัยมหาสารคาม,,,,
2,ความหลากหลายทางพันธุกรรมของเชื้อลิวโคไซโตซูนในไก่ชนในจังหวัดมหาสารคาม,Genetic diversity of Leucocytozoon in fighting cock in Mahasarakham province,,สุภาวดี ปิระเต,กชพร ไวสู้ศึก,,,,,,,,ไก่ชน --ปรสิต --วิจัย,ไก่ชน --วิจัย,ความหลากหลายของชนิดพันธุ์ --ไทย --มหาสารคาม --วิจัย,ปรสิต --วิจัย,ปรสิต --วิจัย,มหาวิทยาลัยมหาสารคาม,2563,pdf,https://khoon.msu.ac.th/_dir/fulltext/2026/07/Supawadee_Piratae63.pdf,tha,มหาวิทยาลัยมหาสารคาม,ได้รับการสนับสนุนการวิจัย งบประมาณรายได้ ประจำปีงบประมาณ 2563 มหาวิทยาลัยมหาสารคาม,,,,
2,การควบคุมประชากรหอยไซ (Bithynia siamensis goniomphalos) โฮสต์กลางที่ 1 ของพยาธิใบไม้ตับ (Opisthorchis viverrini) แบบชีววิธี โดยการใช้หอยนักฆ่า (Anentome helena),"Biological control of Bithynia siamensis goniomphalos, the first intermediate host of human liver fluke (Opisthorchis viverrini) by the assassin snail, Anentome helena",,สุภาวดี ปิระเต,,,,,,,,,หอย --การควบคุม --วิจัย,หอย --ปรสิต --วิจัย,หอย --สรีรวิทยา --วิจัย,,,มหาวิทยาลัยมหาสารคาม,2564,pdf,https://khoon.msu.ac.th/_dir/fulltext/2026/03/Supawadee_Piratae64.pdf,tha,มหาวิทยาลัยมหาสารคาม,ได้รับการสนับสนุนการวิจัย งบประมาณรายได้ ประจำปีงบประมาณ 2564 มหาวิทยาลัยมหาสารคาม,,,,
2,การใช้เทคนิคทางโมเลกุลในการตรวจหาและระบุชนิดของเชื้อ Plasmodium sp. ในไก่ชนในจังหวัดมหาสารคาม,Molecular detection and identification of Plasmodium sp. infection in fighting cock in Mahasarakham province,,สุภาวดี ปิระเต,กชพร ไวสู้ศึก,วสุพล ชาแท่น,,,,,,,ไก่ชน --วิจัย,พลาสโมเดียม --วิจัย,มาลาเรีย --วิจัย,,,มหาวิทยาลัยมหาสารคาม,2564,pdf,https://khoon.msu.ac.th/_dir/fulltext/2026/03/supawadee_piratae64.pdf,tha,มหาวิทยาลัยมหาสารคาม,ได้รับการสนับสนุนการวิจัย งบประมาณรายได้ ประจำปีงบประมาณ 2564 มหาวิทยาลัยมหาสารคาม,,,,
2,ความหลากชนิดของจำนวนโครโมโซมของพืชวงศ์บุกบอน สกุล Alocasia และ Colocasia ในประเทศไทย,,,สุรพล แสนสุข,ปิยะพร แสนสุข,รัตนาวลี เสนาวงศ์,,,,,,,โครโมโซมพืช --วิจัย,บุก (พืช) --วิจัย,พืชวงศ์บอน --วิจัย,,,มหาวิทยาลัยมหาสารคาม,2560,pdf,https://khoon.msu.ac.th/_dir/fulltext/2026/05/Surapon_Saensouk60.pdf,tha,มหาวิทยาลัยมหาสารคาม,ได้รับการสนับสนุนการวิจัย งบประมาณรายได้ ประจำปีงบประมาณ 2560 มหาวิทยาลัยมหาสารคาม,,,,
2,พืชสมุนไพรสกุล Curcuma ในจังหวัดฉะเชิงเทรา,Medicinal plants of Curcuma in Chachoengsao province,รายงานฉบับสมบูรณ์โครงการพืชสมุนไพรสกุล Curcuma ในจังหวัดฉะเชิงเทรา,สุรพล แสนสุข,ปิยะพร แสนสุข,,,,,,,,พืชวงศ์ขิงข่า --นิเวศวิทยา --วิจัย,พืชวงศ์ขิงข่า --วิจัย,พืชสมุนไพร --ไทย --วิจัย,,,มหาวิทยาลัยมหาสารคาม,2565,pdf,https://khoon.msu.ac.th/_dir/fulltext/2026/03/Surapon_Saensuk65.pdf,tha,มหาวิทยาลัยมหาสารคาม,ได้รับการสนับสนุนการวิจัย งบประมาณเงินรายได้ ประจำปีงบประมาณ 2565 มหาวิทยาลัยมหาสารคาม,,,,
2,ความหลากหลายและโครโมโซมของพืชวงศ์เผือกในจังหวัดมหาสารคาม,Diversity and chromosome of family araceae in Mahasarakham province,,สุรพล แสนสุข,ปิยะพร แสนสุข,,,,,,,,โครโมโซมพืช --วิจัย,เผือก --วิจัย,พืชวงศ์บอน --วิจัย,,,มหาวิทยาลัยมหาสารคาม,2564,pdf,https://khoon.msu.ac.th/_dir/fulltext/2026/03/Surapon_Saensouk64.pdf,tha,มหาวิทยาลัยมหาสารคาม,ได้รับการสนับสนุนการวิจัย งบประมาณเงินรายได้ ประจำปีงบประมาณ 2564 ประเภทส่งเสริมการตีพิมพ์ในวารสารระดับนานาชาติ มหาวิทยาลัยมหาสารคาม,,,,
2,อนุกรมวิธานและพฤกษศาสตร์พื้นบ้านของพรรณไม้น้ำในอำเภอกันทรวิชัย จังหวัดมหาสารคาม,"Systematic and ethnobotany of aquatic plants in Kantharawichai District, Maka Sarakham Province",,ณัฐกมล แสนอินทร์,ปิยะพร แสนสุข,,,,,,,,พฤกษศาสตร์พื้นบ้าน --การใช้ประโยชน์ --วิจัย,พืช --การจำแนก --วิจัย,มหาวิทยาลัยมหาสารคาม --สถาบันวิจัยวลัยรุกขเวช --วิจัย,พฤกษศาสตร์พื้นบ้าน --ไทย (ภาคตะวันออกเฉียงเหนือ) --วิจัย,,มหาวิทยาลัยมหาสารคาม,2563,pdf,https://khoon.msu.ac.th/_dir/fulltext/2025/07/Natkamon_Saen-in63.pdf,tha,มหาวิทยาลัยมหาสารคาม,ได้รับการสนับสนุนการวิจัยงบประมาณรายได้ประจำปีงบประมาณ 2563 มหาวิทยาลัยมหาสารคาม,,,,
5,คู่มือปฏิบัติงาน กลุ่มงานข้อมูลและการวิเคราะห์ข้อมูล กองแผนงาน สำนักงานอธิการบดี มหาวิทยาลัยมหาสารคาม,,,สุรางค์รัตน์ เนื่องไชยยศ,,,,,,,,,มหาวิทยาลัยมหาสารคาม --กองแผนงาน --คู่มือปฏิบัติงาน,มหาวิทยาลัยมหาสารคาม --ข้อมูล,,,,มหาวิทยาลัยมหาสารคาม,2549,pdf,http://khoon.msu.ac.th/_dir/fulltext/full130/surangrat12971/titlepage.pdf,tha,มหาวิทยาลัยมหาสารคาม,,,,,
2,การศึกษาความหลากหลายของปลาเศรษฐกิจ บริเวณอ่างเก็บน้ำห้วยค้อ อำเภอนาเชือก จังหวัดมหาสารคาม,,,ดุญณภัตน์ ขาวหิต,,,,,,,,,ความหลากหลายทางชีวภาพของน้ำจืด --วิจัย,ปลา --การเกิดชนิดพันธุ์ใหม่ --วิจัย,ปลา --ความผันแปร --วิจัย,ปลาน้ำจืด --ไทย --วิจัย,,มหาวิทยาลัยมหาสารคาม,2565,pdf,https://khoon.msu.ac.th/_dir/fulltext/2026/03/Satienpong_Khaohit2565.pdf,tha,มหาวิทยาลัยมหาสารคาม,ได้รับการสนับสนุนการวิจัย งบประมาณรายได้ ประจำปีงบประมาณ 2565 มหาวิทยาลัยมหาสารคาม,,,,
2,ปัจจัยที่มีผลกระทบต่อประสิทธิผลการประกันคุณภาพการศึกษาระดับหลักสูตรของคณะวิทยาศาสตร์ มหาวิทยาลัยมหาสารคาม,,,เสาวนีย์ รัตนะวัน,,,,,,,,,ประกันคุณภาพการศึกษาระดับอุดมศึกษา --วิจัย,ประกันคุณภาพการศึกษาระดับอุดมศึกษา --ไทย --มหาสารคาม --วิจัย,มหาวิทยาลัยมหาสารคาม --คณะวิทยาศาสตร์ --วิจัย,มหาวิทยาลัยมหาสารคาม --การประเมิน --วิจัย,,มหาวิทยาลัยมหาสารคาม,2559,pdf,https://khoon.msu.ac.th/_dir/fulltext/2025/09/Saowanee_Rattanawan59.pdf,tha,มหาวิทยาลัยมหาสารคาม,ได้รับการสนับสนุนการวิจัย งบประมาณเงินรายได้ ประจำปีงบประมาณ 2569 มหาวิทยาลัยมหาสารคาม,,,,
2,การพัฒนาหลักสูตรพลังงานทดแทน : การทำถ่านอัดแท่งจากวัสดุเหลือใช้ทางการเกษตรเพื่อส่งเสริมการรู้สิ่งแวดล้อมของนักเรียนชั้นมัธยมศึกษาตอนต้นโรงเรียนเทศบาลสามัคคีวิทยา,Development of renewable energy curriculum to promote environmental literacy to secondary school students: a case study of charcoal briquette production from agricultural residues,,อดิศักดิ์ สิงห์สีโว,จักรี กล้าขยัน,,,,,,,,ถ่าน --วิจัย,พลังงานทดแทน --หลักสูตร,โรงเรียนเทศบาลสามัคคีวิทยา --วิจัย,,,มหาวิทยาลัยมหาสารคาม,2559,pdf,https://khoon.msu.ac.th/_dir/fulltext/2026/06/Adisak_Singseewo59.pdf,tha,มหาวิทยาลัยมหาสารคาม,,,,,
2,การค้นหากฏความสัมพันธ์ข้อมูลการเลือกสาขาวิชาในระบบ TCAS,Association rule discovery for selecting programs in TCAS,,อนันต์ ปินะเต,,,,,,,,,กฎความสัมพันธ์ --วิจัย,สถาบันอุดมศึกษา --การรับนักศึกษา --วิจัย,,,,มหาวิทยาลัยมหาสารคาม,2564,pdf,https://khoon.msu.ac.th/_dir/fulltext/2025/08/Anan_Pinate64.pdf,tha,มหาวิทยาลัยมหาสารคาม,ได้รับการสนับสนุนการวิจัย งบประมาณเงินรายได้ ประจำปีงบประมาณ 2564 มหาวิทยาลัยมหาสารคาม,,,,
2,แนวทางการไกล่เกลี่ยข้อพิพาทในมหาวิทยาลัยมหาสารคาม,Guidelines for the mediation in the University of Mahasarakham.,,อนุชิฎา วิชัย,,,,,,,,,การไกล่เกลี่ย --วิจัย,การระงับข้อพิพาท --วิจัย,มหาวิทยาลัยมหาสารคาม --วิจัย,,,กองการเจ้าหน้าที่ มหาวิทยาลัยมหาสารคาม,2560,pdf,https://khoon.msu.ac.th/_dir/fulltext/2025/08/Anuchida_Wichai60.pdf,tha,มหาวิทยาลัยมหาสารคาม,,,,,
2,ผลของการสกัดสติวิโอไซด์ ไฟโตเคมิคอลและฤทธิ์การต้านอนุมูลอิสระในใบหญ้าหวานด้วยน้ำร่วมกับการให้ความร้อนแบบโอห์มมิก,Impact of Ohmic heating assisted water extraction of stevioside and phytochemicals in stevia rebaudiana,,อนุชิตา มุ่งงาม,ทนงศักดิ์ มูลตรี,นฤทฤษฎ์ ศรีหาบุตร,,,,,,,การสกัด (เคมี) --วิจัย,สารให้ความหวาน --วิจัย,หญ้าหวาน --วิจัย,,,มหาวิทยาลัยมหาสารคาม,2564,pdf,https://khoon.msu.ac.th/_dir/fulltext/2025/09/.pdf,tha,มหาวิทยาลัยมหาสารคาม,ได้รับการสนับสนุนการวิจัย งบประมาณเงินรายได้ ประจำปีงบประมาณ 2564 มหาวิทยาลัยมหาสารคาม,,,,
2,การประยุกต์ใช้แผงผลิตไฟฟ้าและความร้อนร่วม (PV/T) แบบสองขั้นในการอบแห้งใบหม่อน,Application of the Double Stage Photovoltaic/Thermal (PV/T) Module for Mulberry Leaves Drying,,อนุสรณ์ แสงประจักษ์,,,,,,,,,การผลิตพลังงานไฟฟ้าและความร้อนร่วม --วิจัย,พลังงานทดแทน --วิจัย,หม่อน --การอบแห้ง --วิจัย,,,มหาวิทยาลัยมหาสารคาม,2555,pdf,https://khoon.msu.ac.th/_dir/fulltext/2026/03/Arnusorn_Sangprajak55.pdf,tha,มหาวิทยาลัยมหาสารคาม,ได้รับการสนับสนุนการวิจัย งบประมาณแผ่นดิน ประจำปีงบประมาณ 2555 (ผ่าน วช) มหาวิทยาลัยมหาสารคาม,,,,
2,การพัฒนาผลสัมฤทธิ์ทางการเรียนวิชาคณิตศาสตร์ของนักเรียน ชั้นประถมศึกษาปีที่ 1 โดยการจัดการเรียนรู้โดยใช้ปัญหาเป็นฐาน (PBL) ตามแนวคิด TPACK MODEL,Learning achievement improvement of 1st grade students by using problem-based learning (PBL) on TPACK MODEL,,อพันตรี พูลพุทธา,อรทัย ไชยดำ,,,,,,,,คณิตศาสตร์ --การศึกษาและการสอน (ประถมศึกษา) --วิจัย,ผลสัมฤทธิ์ทางการเรียน --คณิตศาสตร์ --วิจัย,,,,มหาวิทยาลัยมหาสารคาม,2565,pdf,https://khoon.msu.ac.th/_dir/fulltext/2025/08/apantee_poonputta65.pdf,tha,มหาวิทยาลัยมหาสารคาม,ได้รับการสนับสนุนการวิจัย งบประมาณเงินรายได้ ประจำปีงบประมาณ 2565 มหาวิทยาลัยมหาสารคาม,,,,
2,การพัฒนาแผนการเรียนรู้กลุ่มสาระการเรียนรู้วิทยาศาสตร์ เรื่อง กัมมันตภาพรังสีและปฏิกิริยานิวเคลียร์ ชั้นมัธยมศึกษาปีที่ 4 โดยใช้การเรียนรู้แบบกลุ่มร่วมมือ (STAD),,,อภิชัย แก้วกาวี,,,,,,,,,กัมมันตภาพรังสี --การศึกษาและการสอน (มัธยมศึกษา) --วิจัย,การทำงานกลุ่มในการศึกษา --วิจัย,วิทยาศาสตร์ --การศึกษาและการสอน (มัธยมศึกษา) --วิจัย,วิทยาศาสตร์ --แผนการสอน --วิจัย,,มหาวิทยาลัยมหาสารคาม,2551,pdf,https://khoon.msu.ac.th/_dir/fulltext/2025/08/Apichai_kaewkawee51.pdf,tha,มหาวิทยาลัยมหาสารคาม,,,,,
2,การสกัดสารให้ความหวานจากใบหญ้าหวานด้วยการให้ความร้อนแบบโอห์มมิคร่วมกับน้ำ,Sweetener agents extraction whith ohmic heating water,,อนุชิตา มุ่งงาม,นฤทฤษฏ์ ศรีหาบุตร,,,,,,,,การสกัด (เคมี) --วิจัย,สารสกัดจากพืช --วิจัย,สารให้ความหวาน --วิจัย,หญ้าหวาน --วิจัย,,มหาวิทยาลัยมหาสารคาม,2562,pdf,https://khoon.msu.ac.th/_dir/fulltext/2026/08/Anuchita_Moongngarm62.pdf,tha,มหาวิทยาลัยมหาสารคาม,ได้รับการสนับสนุนการวิจัย งบประมาณรายได้ ประจำปีงบประมาณ 2562 มหาวิทยาลัยมหาสารคาม,,,,
2,ปัจจัยที่ส่งผลต่อพฤติกรรมการใช้หนังสืออิเล็กทรอนิกส์ของผู้ใช้บริการ สำนักวิทยบริการและเทคโนโลยีสารสนเทศ มหาวิทยาลัยราชภัฏมหาสารคาม,"Factors affecting e-book usage behavior among the user of academic resources and information technology, rajabhat Mahasarakham University",,แกมกาญจน์ สมประเสริฐศรี,ชลธิชา อาจประดิษฐ์,,,,,,,,นักศึกษา --พฤติกรรม --วิจัย,หนังสืออิเล็กทรอนิกส์ --การศึกษาการใช้ --วิจัย,หนังสืออิเล็กทรอนิกส์ --วิจัย,มหาวิทยาลัยราชภัฏมหาสารคาม --สำนักวิทยบริการและเทคโนโลยีสารสนเทศ --วิจัย,,มหาวิทยาลัยมหาสารคาม,2562,pdf,https://khoon.msu.ac.th/_dir/fulltext/2026/08/Gamgarn_Sompasertsri62.pdf,tha,มหาวิทยาลัยมหาสารคาม,ได้รับการสนับสนุนการวิจัย งบประมาณรายได้ ประจำปีงบประมาณ 2562 มหาวิทยาลัยมหาสารคาม,,,,
2,"The comparative study of teaching strategies in inclusive elementary classrooms in indonesia, taiwan, thailand and the USA",การศึกษาเปรียบเทียบยุทธวิธีการสอนแบบเรียนรวมในระดับประถมศึกษา ในอินโดนีเชีย ไต้หวัน ไทย สหรัฐอเมริกา,,Jiraporn Chano,"Salim, Herli","Wu, Chi Cheng",,,,,,,"Education, Elementary --Research.",Instructional systems --Research,Teaching --Research,,,มหาวิทยาลัยมหาสารคาม,2023,pdf,https://khoon.msu.ac.th/_dir/fulltext/2026/01/Jiraporn_Chano66.pdf,eng,มหาวิทยาลัยมหาสารคาม,,,,,
2,Determination of melatonin content in fruits and development of the fruit tablet,,,Anuchita Moongngarm,Thorung Pranil,,,,,,,,Fruit --Processing --Research,Fruit --Research,,,,มหาวิทยาลัยมหาสารคาม,2020,pdf,https://khoon.msu.ac.th/_dir/fulltext/2025/08/anuchita_moongngarm2020.pdf,eng,มหาวิทยาลัยมหาสารคาม,This research was financially supported by Mahasarakham University (Grant year 2019),,,,
2,Primary teachers and students' anxiety toward online instruction during COVID-19 pandemic,,,Kanokwan Phayponpruek,Prasart Nuangchalerm,,,,,,,,Anxiety --Research,"Education, Elementary --Research",Web-based instruction --Research,Computer-assisted instruction --Research,,มหาวิทยาลัยมหาสารคาม,2022,pdf,https://khoon.msu.ac.th/_dir/fulltext/2026/02/Kanokwan_Phayponpruek65.pdf,eng,มหาวิทยาลัยมหาสารคาม,ได้รับการสนับสนุนการวิจัย งบประมาณเงินรายได้ ประจำปีงบประมาณ 2565 ประเภทส่งเสริมการตีพิมพ์ในวารสารระดับนานาชาติ มหาวิทยาลัยมหาสารคาม,,,,
2,Generalized linear cohypersubstitutions of type τ=(n),โคไฮเพอร์ซับสติวชันเชิงเส้นทั่วไปชนิด τ=(n),,Kittisak Saengsura,Julaluk Boonsol,,,,,,,,Mathematics --Research,Semigroups --Research,Set functions --Research,,,มหาวิทยาลัยมหาสารคาม,2020,pdf,https://khoon.msu.ac.th/_dir/fulltext/2026/08/kittisak_saengsura63.pdf,eng,มหาวิทยาลัยมหาสารคาม,ได้รับการสนับสนุนการวิจัยงบประมาณเงินรายได้ ปีงบประมาณ 2563 มหาวิทยาลัยมหาสารคาม,,,,
2,Socioscientific-issues based classroom intervention on grade 10 students' learning achievement and scientific reasoning,,,Linda Khajornkhae,Prasart Nuangchalerm,,,,,,,,Academic achievement --Research,Science --Study and teaching (Secondary) --Research,Academic achievement --Research,,,มหาวิทยาลัยมหาสารคาม,2020,pdf,https://khoon.msu.ac.th/_dir/fulltext/2026/02/Linda_Khajornkhae65.pdf,eng,มหาวิทยาลัยมหาสารคาม,ได้รับการสนับสนุนการวิจัย งบประมาณเงินรายได้ ประจำปีงบประมาณ 2565 ประเภทส่งเสริมการตีพิมพ์ในวารสารระดับนานาชาติ มหาวิทยาลัยมหาสารคาม,,,,
2,"Geometric morphometric and genetic diversity of honey bee (Apis mellifero Linnaeus, 1758) in Thailand","สัณฐานวิทยาเรขาคณิตและความหลากหลายทางพันธุกรรมของผึ้งพันธุ์ (Apis mellifera Linnaeus, 1758) ในประเทศไทย",,Piyamas Nanork Sopaladawan,Siripan Buala,,,,,,,,Bees --Anatomy --Research,Bees --Morphology --Research,Bees --Research,Bees --Thailand --Research,,มหาวิทยาลัยมหาสารคาม,2017,pdf,https://khoon.msu.ac.th/_dir/fulltext/2026/05/Piyamas_Nanork_Sopaladawan17.pdf,eng,มหาวิทยาลัยมหาสารคาม,ได้รับการสนับสนุนการวิจัย งบประมาณเงินรายได้ ประจำปีงบประมาณ 2560 มหาวิทยาลัยมหาสารคาม,,,,
2,Stakeholders' perception of online instruction within COVID-19 pandemic,,,Prasart Nuangchalerm,,,,,,,,,Internet in education --Research,Web-based instruction --Research,,,,มหาวิทยาลัยมหาสารคาม,2022,pdf,https://khoon.msu.ac.th/_dir/fulltext/2026/02/Prasart_Nuangchalerm65.pdf,eng,มหาวิทยาลัยมหาสารคาม,ได้รับการสนับสนุนการวิจัย งบประมาณเงินรายได้ ประจำปีงบประมาณ 2565 ประเภทส่งเสริมการตีพิมพ์ในวารสารระดับนานาชาติ มหาวิทยาลัยมหาสารคาม,,,,
2,Polyphenolic profile and antioxidant activity of wild grape (ampelocissus martinii planch.) pulp and seed extracts,รูปแบบสารพอลิฟีนอลและฤทธิ์ต้านออกซิเดชันของสารสกัดจากเนื้อและเมล็ดองุ่นป่า (Ampelocissus martinii Planch.),,Prasong Srihanam,Chuleerat Wongnarat,,,,,,,,Grapes --Research,Oxidation --Research,Phytochemicals --Research,,,มหาวิทยาลัยมหาสารคาม,2017,pdf,https://khoon.msu.ac.th/_dir/fulltext/2026/05/Prasong_Srihanam60.pdf,eng,มหาวิทยาลัยมหาสารคาม,ได้รับการสนับสนุนการวิจัยจากทุนอุดหนุนการวิจัยสำหรับนิสิตระดับบัณฑิตศึกษา (ปริญญาเอก) ประจำปีงบประมาณ 2560 มหาวิทยาลัยมหาสารคาม,,,,
2,Characteristics and chemical composition of colored rice-milk kefir and optimization for antioxidant studies,,,"Stephen Moses, John",Sirirat Deeseenthum,,,,,,,,Dairy products --Research,Kefir --Research,Rice milk --Research,Rice products --Research,,มหาวิทยาลัยมหาสารคาม,2017,pdf,https://khoon.msu.ac.th/_dir/fulltext/2026/05/Stephen_Moses John17.pdf,eng,มหาวิทยาลัยมหาสารคาม,,,,,
2,Developing scientific explanation of grade 10 biology students through sociobiological case-based learning,,,Sutthida Wanloh,Prasart Nuangchalerm,,,,,,,,Biology --Study and teaching (Secondary) --Research,Science --Study and teaching (Secondary) --Research,,,,มหาวิทยาลัยมหาสารคาม,2022,pdf,https://khoon.msu.ac.th/_dir/fulltext/2026/03/Sutthida_Wanloh65.pdf,eng,มหาวิทยาลัยมหาสารคาม,ได้รับการสนับสนุนการวิจัย งบประมาณเงินรายได้ ประจำปีงบประมาณ 2565 ประเภทส่งเสริมการตีพิมพ์ในวารสารระดับนานาชาติมหาวิทยาลัยมหาสารคาม,,,,
2,The Criteria for developing sustainble transport development zone :,,,Tarawut Boonlua,,,,,,,,,Sustainable architecture --Research,Sustainable development --Research,Transportation --Research,,,มหาวิทยาลัยมหาสารคาม,2010,pdf,https://khoon.msu.ac.th/_dir/fulltext/2025/09/tarawut_boonlua.pdf,eng,มหาวิทยาลัยมหาสารคาม,,,,,
2,Digital literacy of pre-service teachers in the period time of COVID-19 pandemic,,,Veena Prachagool,Prasart Nuangchalerm,Parinda Yawonggsa,,,,,,,Educational technology --Research,Educational technology --Research,Interns (Education) --Research,Web-based instruction --Research,,มหาวิทยาลัยมหาสารคาม,2022,pdf,https://khoon.msu.ac.th/_dir/fulltext/2026/02/Veena_Prachagool65.pdf,eng,มหาวิทยาลัยมหาสารคาม,ได้รับการสนับสนุนการวิจัย งบประมาณเงินรายได้ ประจำปีงบประมาณ 2565 ประเภทส่งเสริมการตีพิมพ์ในวารสารระดับนานาชาติ มหาวิทยาลัยมหาสารคาม,,,,
2,Production of siderophores by Pseudomonas aeruginosa PDMZnCd2003 under zinc and cadmium induction and application for Zn and Cd phytoextraction in tagetes electa L.,,,Woranan Nakbunphot,Orapan Meesungnoen,,,,,,,,Bacteria --Cultures and culture media --Research,Cadmium --Analysis --Research,Marigold --Planting --Research,Zinc --Analysis --Research,,มหาวิทยาลัยมหาสารคาม,2016,pdf,https://khoon.msu.ac.th/_dir/fulltext/2025/12/Orapan_meesungnoen59.pdf,eng,มหาวิทยาลัยมหาสารคาม,,,,,
